clusterName,locationName
0,WH0
2,WH1
3,WH2
6,WH3
5,WH4
4,WH5
1,WH6
4,WH7
1,WH8
6,WH9
8,WH10
0,WH11
4,WH12
6,WH13
8,WH14
8,WH15
6,WH16
6,WH17
8,WH18
0,WH19
5,WH20
6,WH21
3,WH22
0,WH23
0,WH24
2,WH25
1,WH26
9,WH27
1,WH28
3,WH29
6,WH30
3,WH31
5,WH32
1,WH33
7,WH34
4,WH35
4,WH36
3,WH37
5,WH38
8,WH39
0,WH40
0,WH41
8,WH42
4,WH43
9,WH44
6,WH45
1,WH46
2,WH47
2,WH48
8,WH49
4,WH50
4,WH51
2,WH52
9,WH53
8,WH54
3,WH55
8,WH56
1,WH57
2,WH58
1,WH59
5,WH60
2,WH61
6,WH62
1,WH63
1,WH64
2,WH65
4,WH66
6,WH67
9,WH68
8,WH69
8,WH70
9,WH71
7,WH72
1,WH73
5,WH74
3,WH75
1,WH76
6,WH77
3,WH78
4,WH79
6,WH80
2,WH81
6,WH82
9,WH83
1,WH84
8,WH85
5,WH86
1,WH87
5,WH88
5,WH89
3,WH90
5,WH91
9,WH92
6,WH93
3,WH94
2,WH95
3,WH96
4,WH97
0,WH98
1,WH99
0,WH100
8,WH101
0,WH102
3,WH103
5,WH104
8,WH105
8,WH106
4,WH107
1,WH108
0,WH109
2,WH110
9,WH111
3,WH112
0,WH113
1,WH114
1,WH115
9,WH116
5,WH117
5,WH118
2,WH119
5,WH120
3,WH121
0,WH122
1,WH123
7,WH124
9,WH125
6,WH126
1,WH127
9,WH128
4,WH129
8,WH130
6,WH131
0,WH132
7,WH133
8,WH134
1,WH135
7,WH136
5,WH137
9,WH138
7,WH139
0,WH140
5,WH141
4,WH142
5,WH143
8,WH144
9,WH145
0,WH146
0,WH147
7,WH148
5,WH149
7,WH150
4,WH151
1,WH152
0,WH153
7,WH154
1,WH155
8,WH156
2,WH157
7,WH158
8,WH159
0,WH160
4,WH161
5,WH162
1,WH163
1,WH164
0,WH165
1,WH166
3,WH167
5,WH168
1,WH169
2,WH170
4,WH171
3,WH172
5,WH173
8,WH174
2,WH175
2,WH176
6,WH177
1,WH178
7,WH179
0,WH180
9,WH181
8,WH182
3,WH183
4,WH184
1,WH185
0,WH186
3,WH187
5,WH188
4,WH189
9,WH190
9,WH191
8,WH192
9,WH193
9,WH194
1,WH195
1,WH196
0,WH197
6,WH198
7,WH199
0,WH200
1,WH201
0,WH202
6,WH203
1,WH204
4,WH205
1,WH206
8,WH207
7,WH208
3,WH209
3,WH210
7,WH211
1,WH212
2,WH213
8,WH214
1,WH215
6,WH216
3,WH217
3,WH218
5,WH219
3,WH220
3,WH221
7,WH222
4,WH223
1,WH224
4,WH225
7,WH226
0,WH227
3,WH228
6,WH229
3,WH230
6,WH231
1,WH232
0,WH233
1,WH234
1,WH235
9,WH236
3,WH237
6,WH238
0,WH239
1,WH240
3,WH241
4,WH242
8,WH243
9,WH244
9,WH245
2,WH246
0,WH247
8,WH248
0,WH249
5,WH250
0,WH251
9,WH252
3,WH253
1,WH254
8,WH255
3,WH256
4,WH257
0,WH258
0,WH259
1,WH260
9,WH261
8,WH262
1,WH263
0,WH264
1,WH265
2,WH266
0,WH267
3,WH268
4,WH269
2,WH270
9,WH271
8,WH272
9,WH273
1,WH274
9,WH275
6,WH276
5,WH277
2,WH278
5,WH279
0,WH280
2,WH281
0,WH282
0,WH283
4,WH284
8,WH285
0,WH286
6,WH287
2,WH288
1,WH289
9,WH290
0,WH291
0,WH292
1,WH293
0,WH294
4,WH295
8,WH296
4,WH297
2,WH298
3,WH299
4,WH300
6,WH301
1,WH302
4,WH303
5,WH304
5,WH305
9,WH306
4,WH307
0,WH308
1,WH309
9,WH310
8,WH311
4,WH312
1,WH313
3,WH314
1,WH315
1,WH316
9,WH317
5,WH318
6,WH319
1,WH320
1,WH321
2,WH322
1,WH323
9,WH324
4,WH325
2,WH326
8,WH327
1,WH328
6,WH329
3,WH330
9,WH331
1,WH332
5,WH333
5,WH334
4,WH335
8,WH336
4,WH337
4,WH338
4,WH339
9,WH340
1,WH341
8,WH342
1,WH343
9,WH344
8,WH345
9,WH346
0,WH347
6,WH348
4,WH349
0,WH350
6,WH351
3,WH352
4,WH353
1,WH354
3,WH355
8,WH356
8,WH357
2,WH358
8,WH359
3,WH360
3,WH361
6,WH362
0,WH363
2,WH364
4,WH365
0,WH366
0,WH367
3,WH368
7,WH369
6,WH370
1,WH371
4,WH372
1,WH373
2,WH374
8,WH375
9,WH376
9,WH377
6,WH378
2,WH379
9,WH380
0,WH381
1,WH382
7,WH383
8,WH384
6,WH385
5,WH386
1,WH387
1,WH388
6,WH389
4,WH390
5,WH391
0,WH392
1,WH393
1,WH394
4,WH395
8,WH396
2,WH397
5,WH398
1,WH399
4,WH400
5,WH401
6,WH402
4,WH403
1,WH404
4,WH405
1,WH406
1,WH407
0,WH408
9,WH409
3,WH410
7,WH411
1,WH412
8,WH413
0,WH414
8,WH415
8,WH416
8,WH417
2,WH418
7,WH419
1,WH420
6,WH421
6,WH422
5,WH423
7,WH424
0,WH425
8,WH426
1,WH427
0,WH428
9,WH429
0,WH430
1,WH431
1,WH432
9,WH433
1,WH434
4,WH435
8,WH436
2,WH437
6,WH438
3,WH439
5,WH440
1,WH441
3,WH442
0,WH443
9,WH444
9,WH445
1,WH446
3,WH447
5,WH448
8,WH449
2,WH450
7,WH451
2,WH452
8,WH453
1,WH454
1,WH455
9,WH456
6,WH457
0,WH458
9,WH459
8,WH460
8,WH461
5,WH462
2,WH463
1,WH464
8,WH465
2,WH466
8,WH467
5,WH468
9,WH469
1,WH470
3,WH471
0,WH472
5,WH473
2,WH474
7,WH475
6,WH476
0,WH477
3,WH478
5,WH479
3,WH480
3,WH481
0,WH482
1,WH483
5,WH484
4,WH485
3,WH486
9,WH487
0,WH488
3,WH489
0,WH490
2,WH491
9,WH492
5,WH493
3,WH494
7,WH495
3,WH496
6,WH497
2,WH498
8,WH499
1,WH500
1,WH501
1,WH502
3,WH503
6,WH504
8,WH505
3,WH506
8,WH507
1,WH508
8,WH509
7,WH510
5,WH511
9,WH512
2,WH513
1,WH514
1,WH515
6,WH516
3,WH517
1,WH518
9,WH519
1,WH520
0,WH521
4,WH522
6,WH523
9,WH524
1,WH525
6,WH526
2,WH527
9,WH528
6,WH529
4,WH530
8,WH531
2,WH532
1,WH533
7,WH534
3,WH535
9,WH536
8,WH537
3,WH538
1,WH539
6,WH540
0,WH541
5,WH542
3,WH543
3,WH544
0,WH545
1,WH546
4,WH547
0,WH548
2,WH549
6,WH550
3,WH551
0,WH552
7,WH553
5,WH554
7,WH555
0,WH556
6,WH557
4,WH558
1,WH559
9,WH560
5,WH561
6,WH562
2,WH563
6,WH564
5,WH565
2,WH566
7,WH567
5,WH568
1,WH569
8,WH570
5,WH571
6,WH572
0,WH573
8,WH574
0,WH575
1,WH576
0,WH577
1,WH578
1,WH579
3,WH580
4,WH581
4,WH582
3,WH583
2,WH584
5,WH585
5,WH586
4,WH587
8,WH588
4,WH589
0,WH590
0,WH591
7,WH592
3,WH593
8,WH594
0,WH595
5,WH596
4,WH597
1,WH598
0,WH599
4,WH600
2,WH601
5,WH602
8,WH603
3,WH604
9,WH605
0,WH606
6,WH607
8,WH608
4,WH609
6,WH610
4,WH611
1,WH612
3,WH613
7,WH614
1,WH615
0,WH616
5,WH617
8,WH618
4,WH619
9,WH620
3,WH621
5,WH622
2,WH623
2,WH624
2,WH625
6,WH626
7,WH627
0,WH628
8,WH629
3,WH630
3,WH631
1,WH632
5,WH633
6,WH634
5,WH635
1,WH636
9,WH637
9,WH638
0,WH639
0,WH640
4,WH641
4,WH642
6,WH643
4,WH644
7,WH645
4,WH646
1,WH647
9,WH648
0,WH649
8,WH650
4,WH651
5,WH652
5,WH653
0,WH654
6,WH655
1,WH656
1,WH657
6,WH658
1,WH659
6,WH660
9,WH661
6,WH662
8,WH663
8,WH664
0,WH665
7,WH666
8,WH667
9,WH668
3,WH669
7,WH670
1,WH671
5,WH672
8,WH673
2,WH674
7,WH675
6,WH676
0,WH677
9,WH678
6,WH679
7,WH680
1,WH681
6,WH682
9,WH683
2,WH684
5,WH685
8,WH686
6,WH687
2,WH688
0,WH689
8,WH690
5,WH691
1,WH692
9,WH693
1,WH694
0,WH695
1,WH696
3,WH697
0,WH698
0,WH699
6,WH700
0,WH701
6,WH702
4,WH703
9,WH704
2,WH705
1,WH706
0,WH707
2,WH708
6,WH709
0,WH710
7,WH711
6,WH712
6,WH713
9,WH714
5,WH715
2,WH716
5,WH717
9,WH718
6,WH719
4,WH720
9,WH721
6,WH722
2,WH723
9,WH724
4,WH725
2,WH726
1,WH727
1,WH728
1,WH729
1,WH730
4,WH731
1,WH732
8,WH733
0,WH734
1,WH735
1,WH736
2,WH737
8,WH738
4,WH739
0,WH740
1,WH741
3,WH742
8,WH743
1,WH744
4,WH745
0,WH746
3,WH747
4,WH748
0,WH749
4,WH750
7,WH751
0,WH752
3,WH753
4,WH754
1,WH755
1,WH756
8,WH757
1,WH758
6,WH759
0,WH760
5,WH761
8,WH762
5,WH763
5,WH764
1,WH765
9,WH766
3,WH767
3,WH768
1,WH769
3,WH770
2,WH771
6,WH772
1,WH773
0,WH774
5,WH775
6,WH776
9,WH777
1,WH778
5,WH779
0,WH780
1,WH781
5,WH782
8,WH783
5,WH784
0,WH785
1,WH786
4,WH787
4,WH788
6,WH789
1,WH790
6,WH791
4,WH792
2,WH793
8,WH794
5,WH795
1,WH796
5,WH797
4,WH798
6,WH799
9,WH800
9,WH801
9,WH802
6,WH803
1,WH804
3,WH805
1,WH806
4,WH807
0,WH808
1,WH809
3,WH810
8,WH811
3,WH812
1,WH813
0,WH814
0,WH815
1,WH816
7,WH817
6,WH818
3,WH819
7,WH820
9,WH821
8,WH822
5,WH823
8,WH824
9,WH825
0,WH826
3,WH827
6,WH828
4,WH829
2,WH830
6,WH831
6,WH832
4,WH833
0,WH834
6,WH835
1,WH836
3,WH837
2,WH838
9,WH839
1,WH840
1,WH841
6,WH842
2,WH843
8,WH844
6,WH845
9,WH846
1,WH847
2,WH848
8,WH849
5,WH850
5,WH851
0,WH852
1,WH853
5,WH854
9,WH855
9,WH856
1,WH857
1,WH858
1,WH859
2,WH860
7,WH861
5,WH862
5,WH863
4,WH864
0,WH865
3,WH866
2,WH867
1,WH868
1,WH869
2,WH870
9,WH871
8,WH872
4,WH873
3,WH874
9,WH875
2,WH876
8,WH877
9,WH878
5,WH879
6,WH880
8,WH881
1,WH882
3,WH883
3,WH884
6,WH885
6,WH886
6,WH887
9,WH888
1,WH889
1,WH890
3,WH891
6,WH892
5,WH893
7,WH894
4,WH895
0,WH896
4,WH897
1,WH898
2,WH899
8,WH900
5,WH901
0,WH902
1,WH903
6,WH904
9,WH905
1,WH906
4,WH907
1,WH908
3,WH909
9,WH910
1,WH911
1,WH912
3,WH913
5,WH914
1,WH915
1,WH916
0,WH917
5,WH918
5,WH919
6,WH920
0,WH921
8,WH922
6,WH923
4,WH924
2,WH925
8,WH926
9,WH927
0,WH928
4,WH929
0,WH930
1,WH931
9,WH932
0,WH933
6,WH934
3,WH935
1,WH936
1,WH937
8,WH938
5,WH939
8,WH940
3,WH941
4,WH942
3,WH943
7,WH944
9,WH945
6,WH946
1,WH947
3,WH948
1,WH949
2,WH950
4,WH951
5,WH952
0,WH953
6,WH954
4,WH955
1,WH956
0,WH957
0,WH958
0,WH959
3,WH960
0,WH961
0,WH962
2,WH963
7,WH964
8,WH965
2,WH966
7,WH967
1,WH968
1,WH969
8,WH970
6,WH971
6,WH972
5,WH973
6,WH974
7,WH975
1,WH976
5,WH977
2,WH978
9,WH979
9,WH980
6,WH981
7,WH982
1,WH983
5,WH984
8,WH985
2,WH986
4,WH987
3,WH988
2,WH989
3,WH990
0,WH991
6,WH992
5,WH993
0,WH994
4,WH995
1,WH996
8,WH997
1,WH998
0,WH999
0,WH1000
2,WH1001
9,WH1002
1,WH1003
9,WH1004
6,WH1005
1,WH1006
6,WH1007
6,WH1008
2,WH1009
1,WH1010
4,WH1011
2,WH1012
4,WH1013
8,WH1014
0,WH1015
6,WH1016
4,WH1017
9,WH1018
3,WH1019
0,WH1020
1,WH1021
0,WH1022
3,WH1023
4,WH1024
0,WH1025
2,WH1026
8,WH1027
2,WH1028
8,WH1029
0,WH1030
4,WH1031
4,WH1032
6,WH1033
0,WH1034
5,WH1035
3,WH1036
7,WH1037
3,WH1038
2,WH1039
1,WH1040
1,WH1041
1,WH1042
9,WH1043
5,WH1044
1,WH1045
7,WH1046
3,WH1047
5,WH1048
0,WH1049
3,WH1050
1,WH1051
6,WH1052
8,WH1053
1,WH1054
2,WH1055
2,WH1056
1,WH1057
6,WH1058
0,WH1059
5,WH1060
5,WH1061
4,WH1062
1,WH1063
3,WH1064
6,WH1065
1,WH1066
1,WH1067
2,WH1068
1,WH1069
1,WH1070
6,WH1071
9,WH1072
0,WH1073
9,WH1074
1,WH1075
0,WH1076
8,WH1077
0,WH1078
8,WH1079
3,WH1080
4,WH1081
8,WH1082
8,WH1083
5,WH1084
1,WH1085
2,WH1086
4,WH1087
1,WH1088
3,WH1089
9,WH1090
1,WH1091
1,WH1092
3,WH1093
1,WH1094
1,WH1095
4,WH1096
6,WH1097
5,WH1098
2,WH1099
6,WH1100
6,WH1101
6,WH1102
0,WH1103
9,WH1104
5,WH1105
1,WH1106
0,WH1107
0,WH1108
2,WH1109
3,WH1110
2,WH1111
1,WH1112
0,WH1113
1,WH1114
4,WH1115
1,WH1116
5,WH1117
6,WH1118
1,WH1119
9,WH1120
3,WH1121
1,WH1122
6,WH1123
5,WH1124
5,WH1125
6,WH1126
8,WH1127
2,WH1128
6,WH1129
3,WH1130
9,WH1131
5,WH1132
1,WH1133
1,WH1134
5,WH1135
8,WH1136
0,WH1137
1,WH1138
9,WH1139
1,WH1140
9,WH1141
2,WH1142
1,WH1143
4,WH1144
3,WH1145
5,WH1146
1,WH1147
8,WH1148
1,WH1149
4,WH1150
3,WH1151
4,WH1152
0,WH1153
2,WH1154
2,WH1155
0,WH1156
7,WH1157
4,WH1158
7,WH1159
2,WH1160
4,WH1161
1,WH1162
5,WH1163
1,WH1164
3,WH1165
3,WH1166
7,WH1167
5,WH1168
2,WH1169
4,WH1170
2,WH1171
5,WH1172
1,WH1173
2,WH1174
0,WH1175
5,WH1176
8,WH1177
5,WH1178
0,WH1179
4,WH1180
5,WH1181
3,WH1182
6,WH1183
5,WH1184
1,WH1185
8,WH1186
5,WH1187
0,WH1188
1,WH1189
3,WH1190
7,WH1191
5,WH1192
6,WH1193
5,WH1194
6,WH1195
9,WH1196
8,WH1197
0,WH1198
1,WH1199
6,WH1200
2,WH1201
1,WH1202
1,WH1203
4,WH1204
8,WH1205
1,WH1206
4,WH1207
6,WH1208
3,WH1209
6,WH1210
7,WH1211
1,WH1212
0,WH1213
7,WH1214
8,WH1215
1,WH1216
3,WH1217
9,WH1218
8,WH1219
1,WH1220
1,WH1221
8,WH1222
0,WH1223
6,WH1224
4,WH1225
1,WH1226
1,WH1227
5,WH1228
5,WH1229
4,WH1230
1,WH1231
2,WH1232
1,WH1233
6,WH1234
1,WH1235
5,WH1236
1,WH1237
4,WH1238
8,WH1239
1,WH1240
1,WH1241
3,WH1242
0,WH1243
3,WH1244
2,WH1245
1,WH1246
4,WH1247
2,WH1248
6,WH1249
9,WH1250
1,WH1251
8,WH1252
6,WH1253
2,WH1254
9,WH1255
8,WH1256
0,WH1257
0,WH1258
1,WH1259
5,WH1260
0,WH1261
5,WH1262
2,WH1263
4,WH1264
1,WH1265
3,WH1266
6,WH1267
1,WH1268
1,WH1269
1,WH1270
6,WH1271
7,WH1272
3,WH1273
1,WH1274
2,WH1275
8,WH1276
0,WH1277
1,WH1278
1,WH1279
2,WH1280
3,WH1281
6,WH1282
5,WH1283
0,WH1284
1,WH1285
4,WH1286
0,WH1287
4,WH1288
9,WH1289
3,WH1290
2,WH1291
5,WH1292
8,WH1293
6,WH1294
0,WH1295
9,WH1296
7,WH1297
3,WH1298
1,WH1299
2,WH1300
9,WH1301
4,WH1302
8,WH1303
1,WH1304
5,WH1305
5,WH1306
1,WH1307
5,WH1308
0,WH1309
7,WH1310
8,WH1311
2,WH1312
1,WH1313
3,WH1314
9,WH1315
9,WH1316
4,WH1317
7,WH1318
7,WH1319
1,WH1320
2,WH1321
4,WH1322
0,WH1323
4,WH1324
0,WH1325
3,WH1326
8,WH1327
8,WH1328
4,WH1329
2,WH1330
3,WH1331
1,WH1332
6,WH1333
0,WH1334
8,WH1335
6,WH1336
9,WH1337
0,WH1338
4,WH1339
4,WH1340
0,WH1341
4,WH1342
1,WH1343
8,WH1344
9,WH1345
3,WH1346
4,WH1347
1,WH1348
0,WH1349
9,WH1350
6,WH1351
3,WH1352
5,WH1353
5,WH1354
6,WH1355
1,WH1356
1,WH1357
5,WH1358
0,WH1359
1,WH1360
8,WH1361
5,WH1362
3,WH1363
5,WH1364
3,WH1365
5,WH1366
0,WH1367
1,WH1368
1,WH1369
2,WH1370
1,WH1371
5,WH1372
5,WH1373
5,WH1374
6,WH1375
3,WH1376
0,WH1377
8,WH1378
4,WH1379
8,WH1380
6,WH1381
3,WH1382
3,WH1383
2,WH1384
6,WH1385
4,WH1386
1,WH1387
4,WH1388
0,WH1389
4,WH1390
3,WH1391
4,WH1392
4,WH1393
4,WH1394
7,WH1395
1,WH1396
3,WH1397
5,WH1398
1,WH1399
2,WH1400
8,WH1401
9,WH1402
0,WH1403
2,WH1404
9,WH1405
8,WH1406
1,WH1407
7,WH1408
2,WH1409
2,WH1410
1,WH1411
5,WH1412
9,WH1413
2,WH1414
1,WH1415
9,WH1416
5,WH1417
8,WH1418
5,WH1419
6,WH1420
3,WH1421
0,WH1422
6,WH1423
8,WH1424
6,WH1425
2,WH1426
4,WH1427
7,WH1428
3,WH1429
1,WH1430
6,WH1431
3,WH1432
9,WH1433
5,WH1434
9,WH1435
4,WH1436
0,WH1437
4,WH1438
1,WH1439
3,WH1440
1,WH1441
4,WH1442
9,WH1443
9,WH1444
9,WH1445
3,WH1446
5,WH1447
1,WH1448
9,WH1449
1,WH1450
1,WH1451
4,WH1452
1,WH1453
8,WH1454
2,WH1455
1,WH1456
9,WH1457
2,WH1458
8,WH1459
5,WH1460
4,WH1461
6,WH1462
2,WH1463
4,WH1464
6,WH1465
6,WH1466
1,WH1467
2,WH1468
9,WH1469
4,WH1470
1,WH1471
1,WH1472
8,WH1473
4,WH1474
6,WH1475
1,WH1476
0,WH1477
9,WH1478
0,WH1479
9,WH1480
9,WH1481
2,WH1482
8,WH1483
6,WH1484
5,WH1485
2,WH1486
9,WH1487
0,WH1488
6,WH1489
6,WH1490
3,WH1491
6,WH1492
3,WH1493
9,WH1494
7,WH1495
0,WH1496
3,WH1497
1,WH1498
1,WH1499
8,WH1500
2,WH1501
1,WH1502
8,WH1503
8,WH1504
3,WH1505
3,WH1506
0,WH1507
9,WH1508
5,WH1509
3,WH1510
4,WH1511
4,WH1512
0,WH1513
6,WH1514
7,WH1515
9,WH1516
1,WH1517
1,WH1518
4,WH1519
0,WH1520
5,WH1521
0,WH1522
0,WH1523
1,WH1524
1,WH1525
0,WH1526
1,WH1527
2,WH1528
2,WH1529
9,WH1530
0,WH1531
6,WH1532
0,WH1533
1,WH1534
9,WH1535
0,WH1536
1,WH1537
5,WH1538
1,WH1539
9,WH1540
0,WH1541
8,WH1542
1,WH1543
9,WH1544
9,WH1545
0,WH1546
6,WH1547
6,WH1548
1,WH1549
6,WH1550
6,WH1551
9,WH1552
1,WH1553
6,WH1554
5,WH1555
0,WH1556
1,WH1557
1,WH1558
0,WH1559
7,WH1560
0,WH1561
5,WH1562
1,WH1563
9,WH1564
1,WH1565
7,WH1566
0,WH1567
3,WH1568
6,WH1569
4,WH1570
0,WH1571
0,WH1572
4,WH1573
0,WH1574
8,WH1575
1,WH1576
5,WH1577
9,WH1578
9,WH1579
1,WH1580
2,WH1581
4,WH1582
0,WH1583
6,WH1584
7,WH1585
0,WH1586
4,WH1587
5,WH1588
6,WH1589
9,WH1590
6,WH1591
2,WH1592
6,WH1593
1,WH1594
3,WH1595
5,WH1596
1,WH1597
4,WH1598
4,WH1599
0,WH1600
1,WH1601
6,WH1602
6,WH1603
3,WH1604
1,WH1605
8,WH1606
5,WH1607
6,WH1608
2,WH1609
0,WH1610
6,WH1611
3,WH1612
0,WH1613
8,WH1614
6,WH1615
2,WH1616
4,WH1617
9,WH1618
2,WH1619
2,WH1620
0,WH1621
9,WH1622
5,WH1623
1,WH1624
1,WH1625
0,WH1626
9,WH1627
2,WH1628
8,WH1629
8,WH1630
2,WH1631
5,WH1632
9,WH1633
9,WH1634
8,WH1635
4,WH1636
0,WH1637
1,WH1638
4,WH1639
1,WH1640
1,WH1641
0,WH1642
7,WH1643
9,WH1644
0,WH1645
2,WH1646
5,WH1647
0,WH1648
4,WH1649
6,WH1650
8,WH1651
6,WH1652
7,WH1653
5,WH1654
3,WH1655
8,WH1656
0,WH1657
5,WH1658
3,WH1659
7,WH1660
3,WH1661
1,WH1662
1,WH1663
6,WH1664
1,WH1665
8,WH1666
4,WH1667
0,WH1668
3,WH1669
6,WH1670
8,WH1671
1,WH1672
0,WH1673
6,WH1674
2,WH1675
4,WH1676
4,WH1677
9,WH1678
0,WH1679
2,WH1680
5,WH1681
1,WH1682
6,WH1683
8,WH1684
9,WH1685
4,WH1686
5,WH1687
1,WH1688
1,WH1689
2,WH1690
7,WH1691
4,WH1692
5,WH1693
5,WH1694
9,WH1695
1,WH1696
4,WH1697
3,WH1698
2,WH1699
8,WH1700
5,WH1701
5,WH1702
4,WH1703
1,WH1704
5,WH1705
3,WH1706
3,WH1707
4,WH1708
1,WH1709
0,WH1710
0,WH1711
1,WH1712
1,WH1713
1,WH1714
4,WH1715
1,WH1716
2,WH1717
8,WH1718
4,WH1719
1,WH1720
1,WH1721
7,WH1722
1,WH1723
0,WH1724
8,WH1725
2,WH1726
7,WH1727
0,WH1728
9,WH1729
8,WH1730
8,WH1731
2,WH1732
1,WH1733
6,WH1734
5,WH1735
5,WH1736
1,WH1737
1,WH1738
3,WH1739
4,WH1740
6,WH1741
9,WH1742
9,WH1743
5,WH1744
1,WH1745
4,WH1746
8,WH1747
9,WH1748
8,WH1749
8,WH1750
0,WH1751
9,WH1752
9,WH1753
8,WH1754
0,WH1755
2,WH1756
1,WH1757
0,WH1758
5,WH1759
6,WH1760
1,WH1761
9,WH1762
0,WH1763
0,WH1764
1,WH1765
2,WH1766
5,WH1767
5,WH1768
2,WH1769
3,WH1770
3,WH1771
6,WH1772
1,WH1773
5,WH1774
1,WH1775
5,WH1776
0,WH1777
1,WH1778
7,WH1779
0,WH1780
1,WH1781
1,WH1782
4,WH1783
1,WH1784
8,WH1785
5,WH1786
9,WH1787
1,WH1788
0,WH1789
8,WH1790
4,WH1791
4,WH1792
2,WH1793
1,WH1794
5,WH1795
6,WH1796
5,WH1797
0,WH1798
6,WH1799
1,WH1800
2,WH1801
6,WH1802
6,WH1803
5,WH1804
3,WH1805
7,WH1806
2,WH1807
4,WH1808
8,WH1809
0,WH1810
1,WH1811
5,WH1812
6,WH1813
5,WH1814
4,WH1815
6,WH1816
8,WH1817
3,WH1818
1,WH1819
7,WH1820
0,WH1821
2,WH1822
4,WH1823
8,WH1824
9,WH1825
5,WH1826
5,WH1827
0,WH1828
5,WH1829
9,WH1830
9,WH1831
9,WH1832
8,WH1833
1,WH1834
0,WH1835
5,WH1836
4,WH1837
8,WH1838
2,WH1839
9,WH1840
7,WH1841
5,WH1842
2,WH1843
2,WH1844
8,WH1845
9,WH1846
3,WH1847
1,WH1848
3,WH1849
8,WH1850
8,WH1851
4,WH1852
4,WH1853
9,WH1854
9,WH1855
4,WH1856
9,WH1857
2,WH1858
1,WH1859
5,WH1860
1,WH1861
9,WH1862
1,WH1863
1,WH1864
5,WH1865
8,WH1866
4,WH1867
7,WH1868
3,WH1869
5,WH1870
3,WH1871
5,WH1872
9,WH1873
0,WH1874
1,WH1875
0,WH1876
3,WH1877
1,WH1878
7,WH1879
6,WH1880
1,WH1881
2,WH1882
9,WH1883
3,WH1884
8,WH1885
0,WH1886
7,WH1887
8,WH1888
0,WH1889
2,WH1890
5,WH1891
1,WH1892
1,WH1893
1,WH1894
1,WH1895
3,WH1896
8,WH1897
3,WH1898
8,WH1899
3,WH1900
9,WH1901
1,WH1902
0,WH1903
8,WH1904
2,WH1905
3,WH1906
1,WH1907
8,WH1908
0,WH1909
8,WH1910
5,WH1911
0,WH1912
9,WH1913
5,WH1914
2,WH1915
5,WH1916
7,WH1917
8,WH1918
6,WH1919
3,WH1920
1,WH1921
6,WH1922
3,WH1923
0,WH1924
8,WH1925
7,WH1926
0,WH1927
7,WH1928
6,WH1929
8,WH1930
5,WH1931
8,WH1932
5,WH1933
1,WH1934
0,WH1935
1,WH1936
7,WH1937
1,WH1938
6,WH1939
4,WH1940
4,WH1941
4,WH1942
6,WH1943
1,WH1944
1,WH1945
9,WH1946
6,WH1947
6,WH1948
4,WH1949
3,WH1950
4,WH1951
4,WH1952
1,WH1953
2,WH1954
5,WH1955
2,WH1956
3,WH1957
8,WH1958
5,WH1959
1,WH1960
6,WH1961
0,WH1962
1,WH1963
9,WH1964
8,WH1965
5,WH1966
3,WH1967
6,WH1968
3,WH1969
1,WH1970
8,WH1971
3,WH1972
3,WH1973
3,WH1974
0,WH1975
8,WH1976
9,WH1977
2,WH1978
1,WH1979
7,WH1980
3,WH1981
4,WH1982
6,WH1983
5,WH1984
9,WH1985
1,WH1986
4,WH1987
1,WH1988
0,WH1989
6,WH1990
4,WH1991
0,WH1992
6,WH1993
0,WH1994
3,WH1995
5,WH1996
3,WH1997
0,WH1998
1,WH1999
