postalcode,lat,lon
414111,19.2076,74.6664
757048,25.0635,81.0983
364530,18.8806,74.6948
184104,32.5492,75.1915
226101,26.1487,81.8011
781372,26.189,88.2474
273015,27.2162,79.7965
231302,24.9581,76.2992
680518,11.0072,76.967
413402,19.3665,75.9188
743270,26.84,83.4317
343042,26.0503,73.0007
304023,26.0567,75.7064
743370,22.1655,88.8007
632007,12.9695,79.1455
721432,25.214,84.9877
628621,11.1083,78.0011
313706,23.6729,74.394
455339,24.7028,76.338
508207,15.7958,78.9853
733132,24.6386,85.6514
721517,22.6279,80.7789
606401,12.1999,78.7949
412115,19.7992,76.5148
756123,21.059,86.614
577544,16.6761,76.8189
231501,21.3992,82.0353
362715,21.6735,72.5044
678508,10.5384,76.6482
261151,27.2235,79.6418
416206,27.6784,79.6568
571617,19.9098,81.1521
421601,19.4994,73.3348
841411,28.8735,74.848
443201,23.3456,76.9505
412206,18.0889,74.1131
764045,18.321,81.9375
577217,13.5644,76.6212
272164,26.2383,77.446
422208,20.454,73.8556
523333,15.6934,78.9819
756111,23.1677,82.7793
571125,12.5839,77.0434
854104,18.9492,84.2801
785703,25.7311,91.7961
389175,23.9124,74.0297
248124,25.8888,75.6157
848504,25.8199,82.8587
713143,24.8172,83.3903
761209,18.8842,84.1886
517620,22.3761,88.1497
743347,22.5913,87.9514
230139,30.7412,76.8853
811107,24.2127,80.5303
222131,25.8494,79.6956
333028,28.1016,75.595
522413,16.5333,79.9
362140,20.1549,73.1547
230001,25.8964,81.9404
517257,13.4748,78.8101
627006,10.1739,78.5094
504216,19.882,76.7734
523370,19.8776,75.3423
785106,27.8833,94.1167
501102,15.2949,78.9993
673592,11.6653,76.3144
383305,23.4238,73.0697
678701,9.95,76.8167
206120,26.9679,79.059
811211,27.0664,79.8124
524408,16.0909,78.8065
731238,25.3247,82.9613
494334,22.4543,81.8363
523135,15.6947,80.2425
621708,11.2284,78.9517
210121,25.7866,77.1769
206122,26.8656,79.1477
517640,17.8307,82.8582
585417,21.1236,76.7415
144632,31.0122,76.078
455459,22.5362,76.6838
344702,26.3874,71.4831
148034,29.4726,76.1382
796730,22.8777,92.5873
144703,26.907,79.531
360023,22.4286,71.7186
635107,13.0009,77.5785
391168,23.4212,73.8661
415611,17.3918,73.6248
577433,13.729,75.3393
627151,8.8895,77.9672
301401,27.1723,73.6452
756112,21.0166,86.3757
606704,11.0098,78.1196
486550,25.2037,76.9244
533201,16.5787,82.0061
441202,22.8387,81.2
852215,24.7845,79.0193
271502,25.8705,84.9972
676553,10.9194,76.0572
735204,26.7042,89.1455
852106,26.2933,80.1035
744105,11.6,92.7333
410206,23.8788,74.3982
845303,25.2574,84.1591
230503,26.0683,79.3959
441924,22.1582,82.0941
415109,18.9281,76.1179
124001,28.8884,76.5754
243503,27.0617,79.2303
743251,23.1303,88.7566
608401,10.9629,79.3695
784182,25.9738,92.9101
600072,12.9194,80.1697
221115,24.6321,79.6177
313341,25.9102,74.992
477105,27.5329,79.0845
621722,11.1721,79.2231
813103,27.0377,79.8566
493441,21.2167,81.4333
585236,17.3883,76.3868
604204,12.0909,78.6601
721457,20.9433,84.5956
572215,13.5563,76.6743
523372,15.2078,77.3784
577412,13.9511,75.9574
531149,18.2731,82.9683
443201,23.3456,76.9505
761215,19.1601,84.0613
531162,17.2157,82.2744
271003,27.7333,82.75
506367,17.4918,78.6446
530013,17.9257,82.1293
742401,23.9841,83.2569
455118,23.0899,76.8178
757033,23.2462,84.0679
243123,28.2526,80.245
506135,17.8801,80.2015
483770,27.2242,79.2959
802157,26.5237,79.7563
110002,28.4833,77.3
335038,28.1846,75.2556
464228,24.1351,79.3729
521185,16.7194,80.1671
624702,13.2105,79.0956
743297,22.8605,88.7392
332041,26.36,75.8982
221112,24.6321,79.6177
637404,11.5101,78.9848
171009,31.0769,77.1856
262122,28.98,79.4
276131,23.966,81.5146
762106,21.2281,83.9614
848210,25.2467,81.9178
314001,17.5567,73.9704
811303,26.7369,85.0625
521312,17.0306,79.9093
636308,10.653,78.4922
423501,19.0549,74.6292
413218,20.2296,80.0095
583216,14.5342,76.664
713378,22.2822,81.6784
603310,13.5545,77.6937
832301,22.7333,87.0289
273303,26.0841,80.7499
769009,22.383,83.9766
441221,19.531,77.4169
222142,24.9508,80.5857
533229,16.5533,82.0975
835225,23.9002,85.7313
530003,17.6852,83.253
414306,18.96,74.2813
670703,12.5263,75.502
283125,29.3667,77.7333
328001,26.5098,77.8467
625532,9.9694,77.7862
788162,26.332,89.8452
210206,29.6814,77.4136
562129,13.1082,77.1367
624709,12.822,78.8907
335062,29.7577,77.6003
466116,25.2262,78.8074
785615,26.6225,93.7223
209870,26.7265,80.1612
391121,22.3696,73.3371
442906,22.9513,77.4394
623533,12.3805,77.4412
126125,29.1857,77.6436
754112,22.7358,84.7527
383325,23.895,74.1137
370427,26.8258,72.9879
581355,15.094,75.6881
507121,18.3661,81.4338
802165,26.1116,80.1181
243122,26.3992,78.2466
389140,23.4213,75.0667
331021,28.2208,74.9226
782411,26.4586,92.0144
533288,16.5942,80.8485
495330,24.0232,79.9849
110030,27.8311,79.0356
273165,26.0037,79.9956
609104,8.6051,77.9375
670511,15.1693,79.6846
416403,17.1167,74.9885
412208,18.6936,74.1381
621206,10.9239,78.7435
811213,22.3661,85.147
457888,22.1159,74.3257
342003,26.2743,72.8823
385120,23.8056,74.7845
229203,26.0687,81.0324
835302,25.9302,79.8768
224210,27.0057,79.2441
480223,23.6338,81.279
786182,27.2609,95.778
689672,9.1968,76.8041
571111,13.8264,76.9622
799144,26.548,79.966
441924,21.15,79.65
273409,22.6413,88.3773
212204,25.4173,81.8704
497220,24.2897,82.6256
431511,23.2505,83.144
854102,25.617,79.0223
785666,27.0086,93.9319
574108,19.0257,75.5125
517280,17.8307,82.8582
523265,11.8903,78.9145
385545,26.4046,73.57
370665,23.3833,69.2667
503201,22.8229,77.059
391160,25.4038,77.0622
636804,12.0435,78.1492
762102,22.0719,81.235
485773,24.1085,78.8492
142052,30.693,75.4435
394340,22.0917,69.1011
470223,26.1649,77.4691
563159,13.9843,77.89
509336,17.3658,78.5988
431107,20.0449,76.5157
571434,12.5008,76.6745
796441,24.0484,92.3843
712204,22.7528,88.3422
143601,30.4687,75.9508
587116,16.0182,75.9873
362245,19.8549,71.9245
688007,9.4617,76.3382
522509,15.8845,79.9127
456661,23.7611,76.8221
382315,24.145,79.2611
148033,27.8472,75.3653
734102,27.009,88.2169
585321,16.801,78.8204
847305,26.5999,85.848
313901,21.4638,75.9846
328023,29.4528,77.0096
203405,26.7664,79.2828
212203,25.0685,76.2101
638702,10.8489,77.4474
532211,18.7704,84.1853
835301,23.3527,83.0062
835227,23.3635,82.4584
391250,24.7759,75.7746
787058,24.7032,91.2816
802123,26.2314,78.7789
638101,11.2281,77.7113
686575,25.8772,75.9444
605106,11.9473,78.9581
517132,12.6014,78.3045
148018,30.4285,76.0334
583237,16.1231,76.6982
341028,25.3417,76.1424
416510,18.3667,72.9333
484110,24.3034,80.6205
192201,34.1373,74.7712
431501,19.882,76.7734
209301,26.4192,79.7938
523261,15.8704,80.3253
333053,27.1814,76.3795
802218,26.3816,84.8986
312602,24.6795,74.5094
484113,22.9249,81.8747
517421,13.8905,78.7308
311601,25.3333,75.0167
261141,25.672,79.5244
431135,20.1292,75.6962
764043,14.8698,78.3953
233224,27.5649,79.5922
683579,9.9932,76.5442
261201,25.7783,78.8225
202124,27.3576,78.6958
160059,31.2453,76.6554
515787,15.2637,77.8143
770018,22.2333,84.4667
344001,25.7457,71.3921
458441,24.3573,74.9891
670650,11.7874,75.7795
431007,19.8063,75.5244
843326,25.2642,84.5517
683565,10.1296,76.6695
581106,11.543,78.1402
524305,14.6039,79.6338
506313,13.9257,78.2303
518511,15.6206,78.4374
636202,8.6231,76.853
454111,26.455,73.4457
521329,14.25,79.75
732201,25.2383,86.7356
713102,26.4888,80.6751
210506,27.8503,79.7167
522438,14.82,78.5791
613104,10.8443,78.9565
344502,26.201,71.502
384410,23.0581,72.2072
472001,29.5028,77.2677
822114,24.9341,83.4338
481111,22.0386,81.172
497119,25.6021,84.4041
759014,25.5539,77.7362
641671,9.3716,78.8308
531032,15.9858,80.1071
571426,13.4946,76.034
721153,22.7501,83.7012
521327,17.0763,78.8039
412804,17.0318,75.7022
394355,21.172,73.1872
486220,25.9345,80.361
388255,23.9214,75.8642
521402,18.0057,80.2895
768037,20.9611,83.3131
246401,25.4413,74.5698
560047,12.6859,77.492
532432,18.5112,84.0387
191113,33.9275,74.689
721444,24.0546,84.6543
722160,22.9274,87.0137
173207,30.4517,77.9412
391770,24.7978,76.3422
520002,16.5,80.6333
193101,23.7709,80.2954
143530,24.4758,78.5139
533285,16.7662,80.7148
365545,21.1595,71.0555
798601,26.3022,94.5268
413412,17.9901,75.6514
508253,17.266,78.9843
244255,26.4348,80.4559
415506,17.594,74.4518
250502,28.8148,77.5395
206242,26.5734,79.2843
483001,23.114,80.0996
496100,24.5284,80.1508
403706,15.2651,74.096
700075,22.5204,88.2697
585419,17.6099,76.8193
147102,29.3815,76.5696
799013,20.3721,82.5838
413582,18.3244,75.1971
176206,32.9567,74.5191
852115,25.4566,79.7267
422605,20.1716,74.6261
415015,19.1494,75.4916
591240,16.5746,75.0838
533262,16.6149,79.9565
786621,26.1402,79.4289
415214,18.5228,73.8535
496336,28.301,76.8353
627657,8.263,77.856
743503,22.312,88.2861
142044,31.1023,74.9969
752107,21.968,84.0777
531029,17.0061,81.4687
387315,24.2537,75.0963
516339,14.9776,78.8922
481771,25.2521,79.8005
824209,24.6501,78.6853
591240,16.5746,75.0838
671324,13.1417,76.3313
734311,27.3591,88.5077
524415,13.5582,78.9992
494661,20.4924,78.9169
770033,24.4355,87.2581
791102,28.0643,95.2918
344035,26.3525,72.1917
841438,29.764,77.4896
521214,17.25,81.6333
721645,22.0838,88.0403
795132,24.61,93.8887
202141,26.5106,78.9367
628902,9.144,77.9907
535593,18.6098,83.1781
759020,21.8383,86.8083
625503,10.693,78.1738
583114,15.4477,77.1141
742163,23.1895,88.4775
732201,24.1445,86.7573
521403,16.9982,80.5224
673522,11.5333,75.6667
754031,22.1714,86.8374
413002,20.3275,77.3606
679327,11.1159,76.2822
205268,23.2117,77.4578
585290,16.0095,76.9327
534134,14.125,79.7157
722122,24.3018,85.3634
802158,26.0513,80.4039
612105,12.4517,78.3513
523304,14.9299,79.4138
305813,25.8681,76.5275
767062,20.9545,83.879
688008,9.4617,76.3382
431103,29.1663,74.1755
382007,23.1505,72.6399
758085,21.6731,85.3629
852132,26.8449,79.1012
679322,10.9804,76.2252
577232,13.0027,77.938
741249,20.8088,86.7754
522411,16.3991,80.3765
152112,30.2743,74.5902
796701,23.1116,92.7256
732207,25.6166,83.7523
284405,24.587,78.728
323802,23.9289,74.952
531026,17.85,82.8833
700072,22.5204,88.2697
331811,28.1008,73.8687
743349,22.5076,86.8145
495119,22.2308,80.4602
573141,13.3912,77.2803
713423,22.8133,88.0117
271303,27.3773,81.9864
202001,28.9869,77.3134
586201,9.4605,78.7908
277209,23.702,81.3522
851120,27.2311,78.4456
303005,27.7292,76.1019
743337,22.2569,88.5694
783393,25.6204,91.3994
523226,15.4023,79.4934
802212,24.6269,86.5981
495442,23.1387,81.4559
211013,25.9911,81.7431
845438,26.685,79.9128
495115,23.502,80.7806
508373,17.0757,82.1391
591122,16.0955,74.6875
303005,26.5801,75.5569
304504,26.899,75.6325
140124,31.3948,76.3712
754162,25.1839,82.6166
516105,17.6414,78.314
854318,26.2986,87.2671
515212,17.2373,78.3992
262902,31.2047,77.8767
786007,26.8437,94.2001
756133,22.5484,84.9293
477449,25.8835,79.5994
534450,19.716,77.0379
505331,17.8263,78.3436
731126,24.3749,88.216
606751,12.4346,79.0981
388430,23.5724,74.5939
574214,18.497,76.0936
223101,24.7901,78.8277
759125,19.8497,83.4912
181141,32.5348,74.8983
845301,26.9461,84.9632
500101,17.5683,78.7218
209825,26.5786,78.489
811305,27.5821,79.6748
425406,21.9051,78.7955
416230,20.9642,75.4927
480994,23.5961,79.0784
758002,19.6305,82.1826
444507,20.9822,76.4365
762029,20.3625,84.2665
421302,17.8618,76.6789
388205,23.9699,76.6707
491223,24.6215,79.817
496338,24.3465,81.397
783371,26.2727,90.4456
629502,8.9902,77.2776
146001,31.5324,75.908
431213,19.5315,76.2544
764077,19.9484,82.698
364270,21.6941,73.2069
383010,22.3043,74.3551
635751,13.2848,77.9209
670705,12.5263,75.502
638055,11.2674,77.5507
601205,19.9098,81.1521
365601,22.2617,71.0574
736121,23.2665,84.553
581328,14.8854,74.2261
246725,27.4934,79.5034
600037,13.0645,80.2385
342312,27.1318,73.0585
520012,16.4841,80.6051
577301,14.3295,76.2478
203202,27.4847,76.8701
473774,25.0565,78.7964
414202,20.2703,75.8891
612604,10.8616,79.4796
628905,9.6448,78.628
627953,8.9627,77.6349
222136,26.6525,80.5117
160003,30.6569,76.8053
466446,23.3197,76.8861
785006,25.1231,91.8764
686582,13.5432,76.486
431144,15.2292,76.2126
685581,9.9436,77.9614
635305,12.2255,77.8907
224158,26.8173,79.7378
283152,27.2205,78.4847
754206,20.5569,86.1919
516289,15.5405,79.9456
363621,24.2352,73.6545
766111,21.5667,82.3333
629802,8.2988,77.442
629501,8.9902,77.2776
342307,27.4121,72.2333
845104,25.5958,84.2137
782001,26.3044,91.1101
815312,24.2616,86.381
783384,26.3164,85.5634
586108,16.7099,76.3595
518573,17.0833,81.9
742121,23.7333,86.4
757105,24.4587,85.0446
450001,21.7368,75.7929
248199,22.93,79.5543
472221,25.0202,79.2318
571426,13.4946,76.034
743354,22.0849,88.4523
281404,29.8453,78.649
506349,17.3455,80.1981
757075,23.6575,82.6768
734429,26.6827,88.22
756027,22.6806,85.3902
822113,26.0789,80.2327
271801,27.5743,81.5959
444303,29.5913,77.7013
261135,26.7785,80.3571
626102,10.1123,78.2644
614903,10.4813,79.3968
176028,30.2914,75.2008
431703,22.4371,76.0129
759100,22.7082,82.4621
583122,15.5347,76.8756
785107,27.0535,93.1933
277001,28.0104,79.2648
203394,28.2138,78.8822
210001,25.3111,80.3882
754201,19.8472,85.2576
628903,10.4972,78.9239
272153,27.042,79.7658
143102,29.6738,75.4536
768016,21.5167,83.8667
263641,28.125,78.8301
391168,23.4212,73.8661
221713,25.6642,83.0126
423702,21.0519,76.5346
764076,23.8201,80.7819
573214,14.4194,77.1954
606402,12.1999,78.7949
786101,27.2851,95.2188
312601,23.5706,76.9261
501218,17.1836,78.3915
795102,24.5333,93.7302
495691,22.6086,82.5933
245101,28.8672,77.1103
185153,33.1073,74.489
127201,25.54,75.4991
508213,16.0773,79.184
581126,15.0863,75.2886
686143,9.7471,76.3952
382855,22.1501,85.5264
127306,28.5007,76.1276
248007,27.7946,79.4699
721133,22.133,87.0548
768045,21.6354,83.4457
248001,26.6409,78.5773
517213,13.82,78.8959
761201,21.646,80.7678
335523,29.1835,74.7705
606402,12.1999,78.7949
583236,16.2368,76.2459
524131,17.4403,81.1761
444401,21.1033,76.8571
394630,20.968,73.3084
524401,10.9577,78.0809
247772,29.3823,76.5486
481990,22.8142,79.6595
799045,22.361,87.6112
207245,27.9875,78.2686
401502,19.7986,73.094
423403,19.6096,74.5572
721303,22.7513,85.8987
811212,27.4189,81.2167
388543,22.4079,72.8982
209601,28.3663,76.8695
412219,18.4337,74.4637
636111,11.3818,79.0112
629704,11.2688,77.9471
416112,16.8882,74.2891
283204,25.6972,79.296
384315,23.6724,72.5824
322023,27.2487,74.7852
586203,17.2012,78.0076
335063,28.0955,75.1084
231211,24.7397,81.2701
502371,22.6703,88.2694
686577,20.5704,76.8794
485774,25.6412,77.4016
643202,11.3658,76.7586
466114,23.6119,76.4719
721504,22.5763,82.7413
242305,25.3784,80.7555
413319,17.3502,75.5541
392130,21.7119,72.5911
742135,24.9719,87.2921
143305,31.3619,74.6019
670706,12.5263,75.502
761215,19.1601,84.0613
741506,23.0248,87.8524
743378,28.6686,75.0321
285130,25.8692,79.3857
425105,21.2097,75.5187
534326,16.4697,81.5001
431701,18.2119,76.7194
614710,11.0622,78.404
224001,26.8152,80.6582
788118,22.9196,89.5081
495551,23.9068,80.2516
603104,12.6191,80.1942
341509,25.5389,74.4412
313331,24.0616,75.4066
822123,25.4898,83.5986
622503,11.5429,79.1887
243503,26.9067,79.0441
194401,34.7796,77.5395
389340,22.6616,73.1659
229306,24.3912,84.4363
276141,25.7632,83.8621
516126,13.8352,78.6339
523301,15.5611,80.1844
521120,16.5555,81.6157
396040,22.7314,73.8196
423301,21.3289,78.47
532290,18.7547,83.4519
209202,26.3351,77.6109
143022,13.1995,78.5157
582209,16.228,76.5918
577218,14.3048,76.5049
172025,31.4059,77.1231
305412,26.0618,75.3082
261501,26.8297,79.6071
484334,23.0241,81.5909
232108,26.2165,80.2294
175132,32.5951,77.0773
333516,27.7676,75.9863
305819,26.7497,74.7084
110009,28.6105,77.2329
501202,17.5198,78.2339
723156,23.5825,85.7894
670017,11.9,75.3667
134007,30.0073,76.5053
334803,27.1528,76.1188
626003,8.983,77.7855
561101,13.6189,77.3936
110063,25.7604,75.3809
262201,27.627,79.1146
313603,24.0333,76.0097
591306,16.6693,75.4643
804407,27.0637,79.2985
454335,21.9125,76.4007
481105,23.1262,79.3642
305207,26.5919,74.3549
721456,26.477,81.2984
413712,18.805,77.5827
193502,34.3737,74.7321
851212,25.3967,86.7043
413211,19.7164,73.6282
246722,28.6191,78.7776
209722,27.0492,79.4804
534002,17.371,82.3012
722137,28.1622,78.9513
582102,15.4298,75.6297
581321,14.7083,74.2653
852131,25.9157,81.5766
786004,26.2871,93.8884
227304,26.1135,80.2994
283110,27.0897,77.9326
341519,26.1911,71.2444
230132,25.5713,81.424
454446,25.6942,76.8083
450001,21.8328,76.498
586119,11.8675,75.3576
682313,19.3115,84.7929
534301,16.8102,80.8383
363530,24.5979,73.8928
221712,24.4508,82.4716
212621,21.9084,76.2853
562126,13.1082,77.1367
691530,8.8444,76.8944
424311,20.1067,74.2258
625103,10.4697,78.1284
365601,22.2617,71.0574
572130,13.2011,76.8223
193501,34.2392,74.618
141007,33.4394,75.1137
423213,20.5551,74.2948
517124,17.25,81.6333
445202,20.354,77.6835
412402,19.6959,72.7153
515122,13.2756,78.4595
465693,24.3127,74.5751
263645,29.8776,78.6258
620005,10.6641,78.6306
794103,25.266,88.7992
110081,27.9116,79.083
843334,26.4529,72.5582
583212,13.8778,76.949
533221,16.5533,82.0975
752035,20.5992,85.4844
503301,20.9678,76.4593
494447,18.255,80.2106
486886,23.3704,80.8247
152003,29.5825,76.2236
410501,19.3568,73.8989
639002,13.4727,75.8631
505467,17.6707,79.2395
175106,31.7139,77.2649
815314,23.7089,84.5866
387620,25.9678,75.3402
143116,31.6722,75.2522
713125,34.0304,74.7162
263158,27.0584,78.4228
210209,25.1394,80.0025
431205,19.4995,75.7488
843113,25.8286,82.4553
571126,28.3112,75.5091
574222,13.6243,75.4638
470661,24.2954,77.1336
712411,23.3421,83.9937
306303,26.1501,74.0015
583214,14.5342,76.664
480115,23.5801,77.8611
533287,16.8364,82.0287
302020,26.8626,75.7633
222101,27.4533,76.5983
389365,24.6635,78.0319
124508,28.2768,78.9911
263624,29.6294,79.0314
583219,17.871,76.62
766011,20.1035,83.1761
731213,22.6886,87.1155
387305,22.8103,73.0468
416521,16.1139,73.7571
731301,24.6269,86.5981
422502,19.5795,74.0529
441302,21.0148,78.6264
799273,26.3725,89.8885
233306,26.8917,79.8206
326023,26.0207,76.7723
431206,24.1444,77.9197
583212,13.8778,76.949
797005,25.933,92.016
473774,25.3169,77.6366
140301,30.4199,77.2977
223224,25.6132,78.5934
500029,17.3995,78.0179
496224,27.1341,80.0957
144007,28.067,74.9579
307026,24.439,72.7113
460110,21.3926,76.3352
331022,28.1179,74.6517
795149,24.6783,94.159
209217,25.7663,77.9569
224164,25.2609,79.2543
630558,9.95,78.6
473670,25.8636,77.374
313602,24.6854,74.6464
802213,21.6901,79.1087
413519,19.2151,78.3063
628702,8.1603,77.6157
811310,26.5716,83.8124
752050,20.1243,85.6256
638312,11.4557,77.5938
785105,27.0535,93.1933
212106,25.0499,78.869
585310,20.0944,74.7003
201204,28.7992,76.5403
631003,13.0406,79.7902
271871,27.3998,81.7927
172030,27.7851,76.7082
506332,17.7821,78.2991
612103,12.4517,78.3513
382355,23.1794,72.7485
413112,17.8662,75.0993
627426,8.6961,77.5189
635305,12.2255,77.8907
502108,17.7248,78.7703
389160,23.4915,78.0598
783393,25.6204,91.3994
507302,17.1779,80.1425
736159,24.8992,87.493
445109,20.252,78.165
394633,21.2852,73.8212
192401,31.8388,76.396
443303,21.5994,80.6567
505524,18.1876,79.0306
262902,27.375,79.267
193401,34.0756,74.5815
486771,26.7121,78.9267
811303,25.0735,86.0755
400703,19.2911,74.5735
313708,26.0072,74.1885
224126,26.2775,79.3719
803216,23.1001,85.848
799269,23.6524,92.5869
416509,20.7096,76.2946
425105,21.1318,75.3241
173212,30.9086,77.1087
742202,23.3804,86.7689
782124,26.5497,79.7874
125111,23.864,77.2537
532407,17.5167,82.6333
131301,28.8717,77.3391
574198,8.9138,77.3798
431213,19.5315,76.2544
783325,26.0567,89.292
562101,13.3333,77.65
742308,26.3053,80.3983
442707,21.9728,84.9322
585202,21.7533,78.0512
303009,26.7244,75.4528
361305,24.1395,71.1171
481445,23.7207,80.2926
628616,8.3677,77.773
561201,13.6791,77.4129
503185,17.3622,78.9328
493554,21.123,73.1115
766101,31.2616,75.7113
306114,25.8911,73.8888
396191,25.5945,79.5663
246276,23.3548,85.8408
591220,16.3578,75.609
402307,17.7425,73.2869
766012,21.983,82.0694
272189,26.9106,81.7382
152116,28.5733,75.1716
148026,27.8918,78.2405
577601,12.1068,78.2015
494448,18.7726,80.5412
781132,24.8475,88.322
573211,14.6722,77.5387
470117,24.068,78.3281
175042,26.4475,79.4643
477441,27.0046,79.0336
272206,26.4462,82.8948
502335,17.8891,78.4718
225306,26.5079,79.7167
822113,26.0789,80.2327
344702,26.3874,71.4831
723201,24.878,88.7384
515271,12.961,77.55
443301,28.2674,75.7158
756111,23.1677,82.7793
413304,18.7331,76.3862
782127,26.4333,92.35
492112,22.3831,83.6058
413202,18.6268,75.0492
686636,20.6364,75.7138
458113,24.5059,75.1496
273007,27.041,79.837
832102,21.6736,85.668
517520,14.1008,79.4277
632513,15.793,81.8647
759120,21.4492,84.5265
423204,20.7283,74.3105
685562,9.8821,77.0208
416812,18.6886,73.9849
282007,25.4342,79.4739
524303,14.6039,79.6338
638657,13.888,77.2216
451442,24.4482,75.4787
475686,26.6716,79.8201
587207,14.654,75.1037
515405,13.8195,77.7657
847224,25.921,81.9991
576112,13.4596,74.99
480667,23.0179,76.7202
721201,22.7539,86.2544
207249,26.29,79.3175
689547,9.4,76.6667
743422,29.8773,78.5317
416201,16.8121,74.1101
783346,26.5283,90.665
791102,27.8592,94.6378
534166,16.4262,81.3009
759128,21.8652,83.7448
400603,19.202,72.9725
321605,26.2571,77.6149
583125,15.4103,75.0453
523212,15.6964,80.0821
632002,13.2384,79.9939
523228,15.4703,79.2742
509201,15.3535,78.8043
614702,11.1385,79.0756
803302,21.6236,72.5091
743395,27.1971,79.2536
413602,19.0103,76.4291
515661,14.4832,78.0509
413216,16.8903,74.909
444503,21.8348,76.4745
576213,14.3106,74.7662
754136,20.9551,85.0979
841425,26.7789,79.1115
171221,19.5893,82.2469
574105,32.8091,74.5285
581353,15.0128,75.3732
457779,22.9075,74.5853
757019,21.9956,86.1204
783346,26.4642,89.9702
852221,25.96,86.1424
460551,22.6675,78.3935
491336,22.3142,79.8194
173022,29.1053,76.2041
721627,20.6829,86.513
391760,25.4609,75.699
450551,22.3154,76.0935
522259,15.2766,79.72
451666,22.7671,77.5868
845433,27.7345,80.3072
413534,16.399,74.3829
814133,23.153,83.6056
416208,21.3038,75.415
691555,8.8603,76.8019
852139,27.5718,80.3921
501510,17.2108,78.5931
679357,13.4735,77.2616
805121,32.9168,76.4737
583214,14.5342,76.664
271831,26.6517,81.775
383335,24.0345,74.1109
396007,20.3833,72.8667
481335,21.6379,78.8788
813104,25.5651,84.0116
678722,11.8583,75.6114
444707,20.9219,76.6634
221711,26.2215,86.6496
505401,18.0189,78.9522
733124,23.5719,85.5411
362268,21.7231,71.3884
845415,26.6523,85.0872
303712,26.3805,78.9182
388430,23.5724,74.5939
421302,17.8618,76.6789
785006,25.1231,91.8764
841426,26.3184,84.3352
813221,25.3058,83.6842
424306,22.0862,76.9346
331811,28.0736,73.8161
524226,16.0177,80.1409
211003,26.5727,80.7432
362140,20.1549,73.1547
184204,27.203,72.3827
312605,24.2555,77.0714
444504,21.3088,75.8933
686540,9.5,76.6333
627113,8.3342,77.6257
185154,32.4743,74.7904
180002,28.7497,75.0118
522304,16.2704,80.7523
413304,18.0752,75.8524
614701,10.3406,79.3791
785602,26.9248,94.3157
364310,22.0037,71.2545
461990,24.3885,79.5518
609502,10.9008,79.6414
515531,15.1817,78.6722
577428,14.4953,76.2546
573137,12.0733,76.6627
301701,23.9247,79.5318
604306,12.4939,79.9166
795125,26.601,95.0342
475675,26.5051,78.3197
246721,27.1235,79.3562
854318,26.3135,86.8454
821110,27.8904,79.0086
841311,26.5826,79.8175
272204,27.1113,81.8535
573225,12.9688,76.2818
679321,11.3284,76.4929
670650,11.7874,75.7795
456224,24.4427,75.8403
210427,26.2589,79.0827
335526,30.0137,75.2808
233304,26.2158,79.0218
572107,13.4162,77.0183
385566,24.7993,73.0391
643212,11.4714,76.3816
758080,23.5712,81.7836
585324,19.0453,77.3405
607001,11.7455,79.7747
143529,31.4492,75.4455
504273,21.3094,78.8782
201009,17.3477,78.5576
752103,20.4745,85.0188
323301,25.3795,75.9945
327001,23.9293,76.5165
766028,21.2962,82.2949
532409,16.4273,82.0311
133102,30.1262,76.8581
363423,22.604,71.9856
223225,26.1312,82.8149
632519,13.5645,79.7917
841438,29.6208,76.9994
262533,18.7083,75.6909
475220,25.7924,78.1108
573217,14.4194,77.1954
641670,9.3716,78.8308
465339,22.7653,76.0733
518346,15.488,77.0467
722132,23.1953,88.1627
392012,22.4525,72.8188
174306,31.425,76.3329
641018,9.8532,78.1553
605203,12.1127,79.3979
506224,17.3564,78.3701
843104,23.5702,82.0043
249204,30.0669,78.2631
636904,12.5306,78.9293
628714,10.0565,78.1985
303706,26.96,75.6809
854334,26.2948,85.2062
796901,22.3137,93.0266
583227,17.3364,79.6266
390014,28.7556,75.6373
678622,11.6432,77.0857
637301,11.4774,77.8841
574154,13.051,76.1825
241122,29.1314,77.7867
821311,25.2426,82.6845
761131,19.9694,84.6329
625532,9.9694,77.7862
509215,16.7893,78.9988
642106,10.5823,76.9347
521321,14.9919,80.5182
797104,25.8843,94.2934
464221,24.6212,78.6363
110015,28.5345,77.2779
534196,16.4445,81.1743
843320,25.7658,81.93
732102,23.8679,86.8472
587205,16.4337,75.426
283101,26.0134,75.6759
301412,27.778,76.4486
364230,23.7464,74.4825
415014,19.8667,77.3745
233228,26.2254,80.222
403401,15.4035,74.0095
394670,24.9333,74.45
585316,17.6146,76.8941
581113,15.7829,75.1339
425405,17.0521,76.9902
485113,24.1202,72.9625
444505,19.8062,76.7878
743235,24.3953,85.6033
303501,25.4519,77.1167
614716,11.0622,78.404
625205,11.5644,79.1281
781334,29.103,75.1714
494114,17.8049,81.3867
470226,23.6951,79.6494
583128,12.8551,77.6671
332311,27.8229,75.0275
272153,27.042,79.7658
678622,11.6432,77.0857
815315,24.4672,84.758
450331,21.5251,76.7612
636905,11.65,77.95
502248,17.6939,78.281
445306,20.304,78.6338
796770,22.4912,92.7373
229405,25.5727,81.0405
574241,16.0687,77.814
534156,16.4262,81.3009
700138,22.4711,88.1453
396191,21.3657,74.6819
532459,18.6705,83.9499
344708,25.7764,73.5296
383251,24.0012,74.043
144701,31.129,75.3504
423603,19.3486,74.8817
761026,19.3115,84.7929
620006,10.8573,78.6971
841405,26.5094,78.646
383230,23.1893,73.4807
622002,14.0871,75.8778
524001,14.4536,79.9867
403707,15.2722,73.9924
442710,18.4708,72.9753
691505,9,76.8
444303,22.9537,76.0089
272192,26.6184,79.2203
625512,9.5367,77.7594
303503,23.3476,76.9357
517247,16.38,77.94
561203,13.2496,77.5164
174312,28.2132,78.7604
754224,22.4042,83.8343
756060,22.6439,85.4797
754250,25.1853,78.7767
792104,28.073,96.5431
176061,29.213,78.2834
734221,27.6968,83.3674
431213,17.9901,75.6514
284303,25.8393,79.318
621111,10.591,78.4951
275306,26.2915,78.8019
416005,16.6447,74.1933
743370,22.1655,88.8007
303903,26.6864,75.8773
636113,11.3818,79.0112
832103,23.3244,83.379
761106,18.6123,81.9669
815352,22.2814,88.0257
261121,25.5617,78.7467
523304,14.9299,79.4138
583278,17.3329,79.411
125133,26.6811,75.0728
502345,22.1019,79.0514
173206,29.8426,76.4472
465441,26.4692,79.1704
285123,26.1948,79.3603
502336,17.8714,78.4065
506143,17.7539,79.2581
271840,26.9053,82.504
795112,24.4427,93.5044
360110,22.4354,70.5404
313605,19,72.8333
686668,10.1193,76.4335
263653,29.7784,79.4293
391110,20.0902,73.2212
787033,23.7215,91.2126
225305,26.6407,79.1175
273161,27.1041,79.9452
263635,28.1578,77.0363
152132,30.0943,76.6413
835229,25.0901,81.9603
841407,26.7877,84.1596
711408,20.851,86.7635
335024,29.0227,79.6464
814146,24.3893,82.6494
247775,29.2096,77.2568
232327,26.1869,81.6573
383307,23.2774,73.5909
624708,8.7236,77.7359
125103,32.6307,74.7991
516501,14.2123,78.85
363670,22.6104,72.8731
174021,31.4417,76.7151
209214,26.9143,79.6047
380005,23.0833,72.6667
285205,27.0364,77.5417
496330,26.1361,79.3366
147101,30.1376,76.1141
185121,32.8965,75.4111
560082,12.7717,77.5053
246701,27.1036,79.7575
799205,22.2014,88.6481
413307,18.3232,75.5996
243401,26.7466,77.3361
413516,19.7957,75.8583
362710,21.6735,72.5044
516269,14.2386,78.9359
380001,23.0256,72.5769
756024,22.3715,86.1113
475671,26.5471,80.4878
202130,26.8042,75.908
125052,29.3178,75.4483
722136,24.9211,89.6443
638104,11.2281,77.7113
627103,9.877,78.5473
521345,16.5409,80.8021
631605,12.7941,79.8214
576228,15.2147,76.7743
481880,30.7799,74.882
174001,26.9714,77.1813
781302,26.5186,90.4334
832301,22.7333,87.0289
455116,23.1612,76.1675
205304,25.646,79.0909
735132,26.413,88.7056
341306,29.4833,79.8248
493445,21.8002,81.1923
758044,23.1351,82.6144
741126,21.3224,86.4658
380015,9.9173,78.1196
243638,28.0725,78.7493
495661,23.2386,76.0198
263628,24.8265,76.5874
516269,14.2386,78.9359
273001,32.2419,76.3213
313903,22.5208,70.2054
175012,31.1022,77.2637
442905,19.8445,78.5284
142060,30.7799,74.882
277501,27.197,79.9661
614902,9.3519,77.5684
764056,20.9549,82.9347
733129,24.0457,83.4599
246455,29.977,78.6466
416712,28.9369,73.3732
412303,19.5372,73.8728
142033,32.123,75.5763
759019,22.4141,87.4288
680582,11.5055,77.8247
385535,23.9338,73.1002
508374,17.0197,80.2687
387550,17.4339,73.9636
522415,16.7284,81.3799
185102,33.7902,74.2766
785697,26.9528,94.5406
628401,8.9075,78.0217
509001,20.969,79.6804
335027,30.2743,74.5902
761102,19.4817,84.7449
585303,26.3634,75.3286
506142,17.0163,79.5192
844502,24.9034,78.9576
571602,14.8104,76.7905
246278,27.1788,79.231
211003,26.5727,80.7432
151213,30.6572,75.1265
825311,25.3353,89.5671
246443,30.5963,78.6695
843111,24.0266,78.3783
581353,15.0128,75.3732
841239,26.0402,83.6152
632404,25.8842,77.8937
209301,26.619,79.5702
462020,28.3765,77.1332
784167,26.1218,90.648
206002,23.9561,79.6628
465339,22.7653,76.0733
382260,22.8031,72.4472
735133,24.658,88.8125
176301,31.5201,76.0572
503003,18.7904,77.6882
622202,10.2646,78.9342
607203,13.2921,79.0547
209308,22.2244,76.903
503302,11.543,78.1402
518220,15.3274,78.2177
202141,26.8956,79.1782
844504,27.0312,79.5074
341511,27.8293,75.009
734201,27.0667,88.2
517416,13.7398,79.5037
383310,23.9171,76.1491
431213,19.5315,76.2544
761125,19.9372,84.0297
496115,22.9881,78.4261
241301,25.3905,76.878
486223,24.9545,81.4883
391430,23.3442,72.729
172107,27.0727,79.2711
341001,27.45,73.827
517584,13.751,79.147
282001,26.4256,78.4543
224206,25.9513,81.1736
577502,14.2226,76.4004
734001,26.71,88.4285
342309,26.773,72.5047
263664,16.5604,73.9522
389190,22.8238,76.3641
770002,25.4731,80.8882
403506,16.2082,73.9114
223104,26.8678,78.8876
442605,23.3924,78.091
590001,15.8521,74.5045
457226,22.9993,76.2415
322230,27.2889,77.1336
583103,14.0856,78.6135
483220,25.6557,78.5418
503108,17.1763,78.6022
796321,23.5858,93.249
202001,28.9869,77.3134
508223,17.3491,79.6705
799287,24.288,84.0321
845437,25.717,83.0447
242001,27.8129,78.3353
480880,26.7921,79.521
796111,24.1586,92.9188
441206,20.4695,79.8302
443201,23.3456,76.9505
451449,23.6021,74.6269
624103,15.5866,81.7436
603319,12.5067,78.3431
721432,25.214,84.9877
212201,25.5965,81.5053
226101,26.1487,81.8011
574214,18.497,76.0936
638109,11.2281,77.7113
853202,26.9128,83.23
605501,12.0112,79.6516
263653,29.7784,79.4293
584125,14.1964,77.4266
571442,12.1419,77.0183
391810,22.1784,72.9078
824303,24.6633,83.2915
303108,26.5065,75.7536
713425,23.4824,84.6574
313604,25.2676,74.8812
805128,26.0298,82.8825
224001,26.8152,80.6582
825311,25.3353,89.5671
813104,25.5651,84.0116
574232,12.6753,75.4782
721102,22.4617,87.1485
711312,24.0094,85.1075
516502,16.6926,77.3841
244715,26.9083,80.2802
742212,24.803,87.8882
767040,21.509,83.0715
848160,26.3557,85.0925
577182,12.9523,77.5272
388235,22.869,83.0637
533305,15.5405,79.9456
585325,14.9447,77.4239
855117,26.7195,82.2981
143001,13.1995,78.5157
743424,22.6794,88.7008
244922,29.0667,79.4333
781354,26.2467,91.5055
496001,24.7025,80.6162
457340,23.5676,76.0192
845419,27.2031,78.8303
713129,26.3212,83.6893
413580,18.2882,75.3714
282006,27.7563,77.8815
364120,22.0543,72.7525
506145,18.2194,79.4051
171216,29.455,77.3573
344044,25.7483,72.1784
516474,14.6285,78.0175
431112,8.7128,77.0271
843331,22.3262,79.4441
533102,17.5694,82.2309
803202,26.8254,79.1807
415701,21.6214,76.3281
182144,30.1546,75.5746
383270,22.6116,72.6087
494669,21.064,80.5363
394716,21.0476,73.7154
609504,10.6307,79.3131
301001,24.6315,77.2884
272176,27.9893,81.4232
212217,25.9567,80.6035
495692,25.0575,80.7542
412303,19.5372,73.8728
203131,26.5459,76.4046
110039,28.1729,80.6768
307801,25.1875,72.8279
364521,27.5091,79.6698
144041,30.5907,76.2198
271902,25.3,76.6864
496220,22.4305,83.713
202140,26.2476,78.5521
756029,23.1854,88.7645
782410,26.2208,91.8014
305001,26.4498,74.6412
396436,21.9718,76.1051
509105,13.0097,77.5648
676525,11.1632,76.3362
764045,18.2778,81.9877
360490,20.6279,72.418
224231,24.5973,80.061
171019,29.5096,76.888
416812,18.6886,73.9849
824207,27.3797,79.5215
271302,27.1275,79.1995
673006,11.549,75.7569
721127,22.6901,87.7202
412409,19.3118,73.8424
144033,31.5897,75.6135
847423,27.0743,76.8963
502301,17.9073,78.7533
680682,11.0584,77.493
456771,26.292,76.1505
361320,28.3416,75.2296
360575,21.6422,69.6093
176062,28.9793,78.4847
249181,30.4771,77.8889
491445,21.269,79.0496
173220,30.8372,76.9614
475002,26.669,78.7629
414304,20.1049,74.4552
507209,16.5573,79.5983
761037,19.1599,84.5272
322243,25.6804,77.2743
412806,17.8574,74.3576
518004,15.1284,79.2207
781382,26.4142,92.0262
385545,25.4413,74.5698
131101,29.7247,77.5724
607209,18.7928,78.2767
127306,28.6202,76.448
848129,26.4652,79.7082
518301,15.6251,77.2754
311403,25.7677,75.0427
768039,20.9746,82.8872
415714,17.8476,73.0908
515411,14.9081,78.0111
400057,19.0111,73.8747
847107,25.0408,86.4934
823002,25.6003,77.7426
135003,29.8258,77.2586
743503,22.312,88.2861
141123,26.5627,77.2583
505330,17.7018,78.974
736146,23.9808,88.7197
518348,15.2386,77.1556
205261,27.2018,79.4128
416202,21.3038,75.415
632113,13.2389,80.1627
281204,25.4778,79.5289
847421,24.7388,84.6203
176316,24.3472,76.4303
524127,13.4234,79.9914
641017,9.8532,78.1553
246427,28.7684,74.3367
491559,22.9135,81.0349
470221,23.633,78.8344
520013,16.51,80.6276
788117,23.6099,90.441
202155,27.4886,78.8241
768036,21.3929,81.812
802103,25.5553,83.9552
758031,21.4125,84.0122
445401,20.917,77.9217
841234,25.018,82.5135
507118,17.5611,79.7073
425503,21.1921,75.783
639202,11.0501,77.6727
623401,9.7288,78.7788
396385,30.0673,76.4174
182144,30.1546,75.5746
494444,18.7244,78.4106
249152,31.0279,77.2012
173205,32.1321,76.1534
752011,20.6369,84.2312
228125,25.0773,77.837
431803,18.9217,74.7243
721427,22.3912,84.4055
226102,30.0988,77.4506
670632,11.7874,75.7795
444908,21.6681,80.5779
521178,16.945,80.173
175049,26.2643,76.9877
261205,30.4392,77.9731
604306,12.4939,79.9166
770076,21.2,83.5833
209306,26.6855,79.8482
783337,26.3278,90.1659
140601,30.5538,76.7187
761107,24.0584,78.4655
272152,26.2808,78.8242
122502,27.7786,76.5132
643202,11.3658,76.7586
825401,23.5358,78.4146
700027,22.532,88.3232
307028,22.2823,70.3123
457773,22.3406,77.3188
243630,26.7284,77.6525
503122,18.2989,77.0013
204212,27.7791,79.3916
476337,20.5333,86.1803
679503,10.0324,78.3393
515002,16.7833,81.9
226003,25.2813,88.4
494224,20.9601,80.8037
455116,23.1612,76.1675
585330,17.5298,76.9159
184206,30.4728,77.7674
825103,27.0886,79.393
524403,14.0427,79.5118
735211,26.4963,89.2102
480338,24.0087,79.5109
360030,22.0898,70.9089
341504,26.2652,73.7984
431153,19.1338,76.741
766026,19.3495,82.8777
261001,25.6833,81.35
680689,11.0584,77.493
847101,26.2039,82.4524
497001,25.5047,80.9632
608201,11.8967,79.3749
676561,11.0547,76.1626
389365,24.6635,78.0319
627358,9.0421,77.3852
801110,26.9978,78.6301
125102,28.7718,75.4303
736158,22.9191,88.5964
516203,16.7805,77.8675
232106,26.3751,83.0846
413213,17.796,75.6584
508245,17.2292,78.8854
471111,25.2808,79.0714
133201,30.2338,76.982
185132,30.3946,77.0294
796571,22.9403,92.9651
743610,21.9558,87.8349
491340,22.7116,80.4959
271122,22.9254,79.7695
232106,27.7931,79.497
754025,23.8598,84.1242
272154,26.4954,78.9565
403507,15.6026,73.839
384265,25.4329,78.2602
445002,21.2991,78.0223
532127,18.9501,81.6895
224204,24.8784,80.0823
285001,26.0868,79.4116
380007,23.0333,72.6181
488050,23.001,77.3786
415206,18.5228,73.8535
176502,27.9703,79.47
413112,19.5457,77.5416
523274,15.3404,80.0403
586213,15.5835,76.8908
228120,26.9348,79.144
742226,24.2941,88.0954
263678,20.6837,80.4547
152121,30.3025,74.0951
222203,26.9857,79.1867
307026,26.296,74.5794
110016,28.5531,77.1916
445002,21.2991,78.0223
394330,22.8168,73.4062
622005,15.895,75.7942
335707,27.8965,74.6177
577525,15.3877,75.7263
493332,20.9856,80.8743
571201,11.4812,76.3593
271215,24.5737,80.2229
638702,10.8489,77.4474
824221,24.4439,84.3696
247451,25.8006,78.1112
625515,9.84,77.3811
174001,26.9714,77.1813
832105,24.1767,81.6137
627851,9.2915,78.1354
414502,19.7242,75.2155
227814,25.4973,77.011
639003,13.4727,75.8631
608702,11.4355,79.4733
222202,26.4702,80.4384
841417,24.3484,82.9412
212402,26.4206,78.438
445204,23.0138,78.7072
509401,16.6135,77.5694
845458,25.1221,81.9302
604505,13.1846,78.8903
261403,26.9014,79.6604
328001,24.6697,78.591
781350,26.3599,90.961
627719,9.2592,77.6737
821111,23.1137,78.4052
460449,24.9293,79.1462
532312,10.9167,79.8167
261303,26.5922,79.4982
491668,20.9178,80.7872
571124,13.037,76.7814
515672,14.3051,77.4968
793151,25.5689,92.2088
483222,24.1173,79.7652
580023,16.1331,75.0998
835235,22.6191,88.8788
605013,12.5159,80.061
503175,20.4206,77.37
680028,13.7974,80.4676
795159,24.8873,93.6521
586128,16.8263,76.4859
614626,10.5436,79.2903
845401,23.739,84.4153
422604,21.4509,74.6106
581340,16.406,76.8664
484110,24.3034,80.6205
505188,17.5903,79.0182
461775,23.7223,78.4598
585214,15.5518,77.9508
532195,19.8495,80.6955
322242,28.3818,78.5398
713209,23.7959,87.1141
495689,21.714,81.4191
713337,25.4187,85.2388
824201,27.8323,79.1996
770001,22.1167,84.0333
605502,11.9793,79.6982
441902,20.3984,76.2176
207124,23.9537,78.5342
221101,26.6981,79.9198
691533,8.8833,76.8833
342037,24.9496,72.6123
332718,26.0703,78.5138
627953,8.9627,77.6349
204102,27.9722,79.2618
581348,14.1789,74.4818
271403,25.251,79.0623
482001,22.9535,80.1634
493111,22.4081,78.5774
274201,24.4869,80.6335
852107,24.2489,83.6528
841239,26.0402,83.6152
441807,20.3933,75.7746
731214,22.8775,85.3481
517589,14.2315,80.3443
223103,24.1459,82.1191
600020,13.0622,80.2409
500078,13.1273,79.2573
571316,12.8839,76.3662
394246,28.6408,80.0526
387375,19.5496,85.2542
533296,12.9879,77.5625
680641,10.6151,76.9931
845437,25.717,83.0447
494670,21.5726,77.1516
802158,26.0513,80.4039
262802,25.4795,79.4334
321303,24.8196,73.0286
607401,12.4465,79.4294
431115,19.0741,75.3076
249135,30.8078,78.6236
785673,27.1092,94.8701
494115,19.3831,82.9841
424101,20.4632,75.0121
210209,25.8016,79.3759
572225,13.0005,77.5712
500093,17.5179,78.3828
766111,21.5667,82.3333
441224,20.1634,79.4974
441601,19.3056,82.1554
273207,26.9015,84.6195
770021,21.9667,83.8667
518573,17.0833,81.9
744112,11.6651,92.7121
743373,25.0344,86.1467
523333,15.6934,78.9819
509409,16.6135,77.5694
272170,27.2443,79.2668
733129,22.3594,88.0647
624601,10.4503,77.5209
401403,19.7244,72.9097
574222,13.6243,75.4638
313701,24.2877,77.1955
273209,29.8341,77.1364
785692,26.765,94.631
843330,26.1485,87.514
785661,27.0086,93.9319
144409,13.776,78.7897
535523,18.7736,83.5602
171213,29.179,78.3675
505001,18.5793,80.6049
631603,13.205,80.0464
754225,20.3061,85.9292
531020,17.0061,81.4687
795149,24.6783,94.159
627415,8.8204,77.3729
854303,25.1163,79.3631
502306,17.5865,78.0202
274302,27.9235,81.8148
733142,27.2676,95.392
483331,24.1078,79.1359
583213,12.9183,76.689
491995,22.9252,81.1313
680602,10.6151,76.9931
517390,14.15,77.9264
531115,17.6643,82.1837
574142,14.2836,75.5772
507209,16.5573,79.5983
148107,21.9385,82.6138
335061,30.3071,77.9078
503145,17.6102,78.3394
305405,24.8047,77.139
344026,25.2171,74.0154
611103,10.7431,78.8366
505306,18.2381,78.1306
814154,26.3337,79.8695
796005,23.6629,92.7222
207123,21.9868,76.2982
443112,18.8806,74.6948
503122,18.2989,77.0013
609103,8.6051,77.9375
689541,9.4,76.6667
401607,19.909,72.9531
413217,10.8146,79.8391
391440,22.5293,77.178
508207,15.7958,78.9853
331302,28.823,74.859
303704,24.7865,78.8337
202142,25.4639,78.981
395003,27.0223,75.9807
733141,23.8321,88.1878
243632,18.9492,84.2801
132001,29.6701,76.93
825302,29.2446,76.8924
518216,18.577,80.9077
573225,12.9688,76.2818
497333,24.8251,78.8646
400703,19.2911,74.5735
576210,13.4646,74.7452
321203,27.5626,76.5286
796310,23.5044,93.1602
176081,27.9511,77.2466
855114,26.7653,84.404
390006,22.3152,73.1818
180004,32.7,74.8667
382213,22.6988,73.0637
815301,24.1856,86.3077
735102,29.1347,75.5191
796501,23.5537,92.5754
591235,18.0764,75.7978
796190,23.5008,92.7255
444505,19.8062,76.7878
272152,26.2808,78.8242
411005,18.5247,73.8471
444806,20.0192,75.6235
501359,17.2427,78.4114
752079,20.1076,85.4092
517132,12.1063,77.4772
638152,10.8256,77.033
731132,24.0097,83.7538
383421,23.8672,73.5747
229121,27.2134,79.9457
516484,17.6939,78.281
799157,23.2139,86.7683
363630,31.9491,74.9746
843111,25.4748,79.3424
415537,18.6773,75.3461
142052,30.693,75.4435
384241,25.8634,75.1921
444605,21.0003,77.0867
508377,18.0255,78.2171
125113,31.1417,75.3266
583101,15.3928,77.2267
231306,27.0427,79.4724
144001,31.3256,75.5792
563121,16.3748,78.404
695307,8.6667,76.7667
635809,12.9082,78.942
276203,24.5852,80.0416
621701,8.9969,77.8622
516110,17.4886,78.6021
210208,25.9551,80.3391
402105,20.7074,76.5683
583120,16.2338,77.696
637301,11.4774,77.8841
757003,21.9346,86.7285
221701,26.6403,79.8851
679334,21.0695,80.5566
370445,24.5674,76.3423
144002,31.6153,75.3233
506348,17.7494,78.3782
231304,26.6153,80.6441
455332,23.1035,76.4424
584132,20.6384,77.813
341501,28.3748,76.2746
174308,31.8545,74.8212
246486,30.0105,77.7351
431714,22.5992,77.465
471405,24.6483,78.5506
770040,21.8853,84.9385
532427,18.3183,83.8124
210209,25.8016,79.3759
385550,25.1547,73.1859
222145,26.4598,80.3984
431521,24.052,72.7072
516216,13.2819,80.172
276405,26.763,73.074
516269,14.2386,78.9359
713143,24.8172,83.3903
855114,26.7653,84.404
301402,29.4608,76.4015
731301,22.7697,78.7442
752021,27.0773,79.4083
493229,23.5291,82.3633
335803,27.8978,73.8738
127046,28.8508,75.5356
385001,24.3303,74.1464
799144,26.548,79.966
383230,23.1893,73.4807
829110,23.4623,81.0446
110019,30.7597,76.0459
388410,24.8943,74.3148
814160,23.1105,87.6113
494223,19.2031,81.9296
413601,18.1589,76.0577
425402,19.4616,74.5179
175049,33.215,74.4601
713128,23.9981,86.6623
591234,17.4644,75.6739
523167,15.9696,80.5535
335526,30.0137,75.2808
743423,22.6541,88.5771
501111,17.6684,78.9229
721657,23.1119,86.3752
835204,23.0827,85.6659
766108,21.8901,84.6281
781325,25.1155,85.6604
148033,27.8472,75.3653
535161,18.321,83.2491
382460,23.6868,72.1409
586129,16.7292,77.3901
560105,12.7861,77.6385
332402,26.4024,75.6424
416410,16.8614,74.8695
621215,14.5983,78.6695
811316,27.0549,79.3783
284122,25.3289,78.3128
680505,10.5909,76.0603
493332,22.0359,82.6425
495454,22.3335,82.6735
249001,30.3909,78.4803
144207,31.4453,75.812
455459,22.5362,76.6838
509352,16.1875,81.1389
311805,25.2813,74.1571
712308,23.6169,75.4759
305401,25.7136,76.0743
585303,16.952,76.8374
125055,29.6436,75.1448
241303,26.3006,86.8383
221010,23.0885,81.7944
754218,20.8167,82.5333
305206,26.3576,74.5406
783339,27.6538,79.569
796111,24.1586,92.9188
743446,22.3484,88.8997
246285,28.3306,80.4912
575002,12.5964,76.824
841437,28.98,79.4
271308,25.7983,79.7106
572226,13.4219,76.5345
271871,26.5435,79.8931
125051,29.6566,75.4209
604203,12.0909,78.6601
313702,23.9318,74.3303
522304,16.2704,80.7523
815318,26.7954,79.1931
585218,16.1406,77.9875
637504,11.5674,78.011
574228,13.0519,75.423
486331,24.2801,80.4625
495671,22.1636,80.2329
530044,17.6672,83.2051
243506,26.8819,78.2906
580028,15.1208,75.2384
561207,13.292,77.0933
243726,23.6946,81.6649
232118,27.7311,79.3527
682557,10.5669,72.642
621313,8.1721,77.5257
401107,19.2836,72.8675
522256,16.1026,80.7807
473331,24.8859,78.3934
507182,17.0153,78.5167
263601,27.2645,78.562
690574,9.3504,77.0332
221713,25.6642,83.0126
627501,8.5123,77.5535
785672,27.2089,94.6992
495692,26.6403,79.8851
577130,12.6548,76.6844
143118,31.4114,75.1603
392220,22.6857,73.7111
413527,18.9851,79.7376
387430,22.7522,72.6853
742306,26.5934,82.6924
852124,17.9302,75.366
742401,23.9841,83.2569
247671,29.6849,78.0638
134118,30.5285,76.9758
756168,20.7375,86.1007
577201,13.9316,75.5679
796571,22.9403,92.9651
121012,26.4983,78.6598
759013,21.2928,83.4135
246147,27.5892,74.036
388220,25.7962,75.5126
535250,18.053,83.2613
799105,24.647,91.3479
304001,27.1585,76.8606
587311,16.4976,75.1273
835325,25.3065,80.7857
814120,21.7273,77.7404
585417,20.6813,78.084
303328,25.4769,75.6669
132024,27.4919,78.9286
484001,26.4809,79.4224
497220,24.2897,82.6256
581207,15.2083,75.1425
713335,25.4187,85.2388
121102,21.2508,72.8388
784510,26.0875,90.0543
673502,12.4214,77.137
744204,20.1981,83.5205
392210,23.6218,76.2001
382450,17.119,74.4106
209502,25.2978,79.2206
456664,26.6521,76.2404
752077,21.0352,86.2721
402107,18.8627,73.3293
743399,25.352,82.8346
175124,27.6304,78.6623
455118,23.0899,76.8178
123101,33.1111,74.1756
326034,25.3536,75.8044
416713,28.9369,73.3732
515311,13.3899,77.3325
622302,11.4276,79.2246
132103,29.39,76.9695
423601,21.0128,75.2724
847203,27.9145,80.6009
835206,28.7609,78.285
821115,24.9487,84.0169
524303,14.6039,79.6338
632517,13.5645,79.7917
521002,16.9679,82.0773
495116,25.6746,84.7231
431007,19.8336,75.6162
816103,25.2302,88.754
509301,16.0118,77.8984
796014,23.8199,92.7411
562109,12.7677,77.6095
247663,31.5544,75.6427
209121,25.3002,75.187
803101,26.9886,75.8588
263656,25.7614,81.9782
766029,18.8063,79.4285
141114,29.6093,76.9939
431709,17.3425,78.6253
735204,26.7042,89.1455
485666,25.4795,79.4334
825103,27.0364,80.5074
243302,28.3529,79.2801
304802,25.8748,75.488
847411,26.5671,85.5204
506301,16.2896,78.4902
431731,20.4424,75.7078
271875,27.325,80.3832
416604,18.5298,74.5067
691536,8.8333,76.9167
802127,27.0907,79.4855
573135,12.8575,76.49
572118,13.292,77.0933
614210,11.1494,78.4125
515408,15.0501,77.8725
535270,18.3097,83.2609
401201,20.1171,73.2565
811313,30.7299,78.4434
246473,32.9543,74.8491
523372,15.2078,77.3784
722162,25.2224,81.3699
759018,23.09,83.8421
474008,26.5374,77.7248
532211,18.7704,84.1853
587111,14.92,75.8165
534313,16.3995,80.3675
680711,11.112,76.8401
577418,14.8739,78.1047
415405,15.6859,77.095
531001,17.6913,83.0039
423301,21.3289,78.47
273016,29.0147,75.3131
172104,24.1372,76.4306
402109,24.8435,79.4896
271604,27.3193,82.4184
824236,25.2679,80.4526
845416,26.9348,79.144
176320,34.4024,73.9292
614403,10.7925,79.2597
180005,30.4103,75.2903
689613,9.1968,76.8041
243001,28.347,79.4219
584116,14.8386,76.757
454446,25.6942,76.8083
788115,23.4291,91.7542
639118,10.9407,77.9831
518134,14.9717,79.1169
767002,20.3488,81.1524
679357,13.4735,77.2616
477660,24.2666,80.1618
