wh,lat,lon
WH0,22.4912,92.7373
WH1,28.9034,74.2553
WH2,17.7455,77.5778
WH3,29.631,77.3606
WH4,12.3081,75.1063
WH5,18.6347,74.4899
WH6,22.4439,83.901
WH7,26.4072,79.4382
WH8,19.2031,81.9296
WH9,24.8684,75.724
WH10,24.6181,92.3378
WH11,26.4317,78.8849
WH12,30.808,77.0473
WH13,26.3656,90.6348
WH14,18.3232,75.5996
WH15,29.8754,78.7908
WH16,10.0943,78.8049
WH17,25.3289,78.3128
WH18,24.9418,84.2759
WH19,30.693,75.4435
WH20,11.4902,77.1269
WH21,26.3389,88.7822
WH22,23.6129,74.618
WH23,18.497,76.0936
WH24,24.2237,72.5277
WH25,8.9138,77.3798
WH26,20.7476,75.273
WH27,13.1126,79.9633
WH28,18.8194,84.0117
WH29,28.5635,77.2717
WH30,28.0822,78.9581
WH31,28.0869,76.3858
WH32,25.4188,82.1438
WH33,15.044,77.0172
WH34,23.9287,75.4335
WH35,22.4853,88.1559
WH36,31.9072,75.4492
WH37,26.3389,88.7822
WH38,26.4291,94.6213
WH39,14.8136,74.1297
WH40,23.2139,86.7683
WH41,22.7425,88.3733
WH42,16.6447,74.1933
WH43,21.6547,79.67
WH44,17.8541,74.1183
WH45,22.0271,82.9611
WH46,22.4042,87.7175
WH47,20.674,76.0339
WH48,21.2962,74.8391
WH49,27.9974,76.4491
WH50,23.1122,82.2365
WH51,25.1811,80.8714
WH52,17.5167,82.6333
WH53,12.4054,78.5934
WH54,22.8151,86.4424
WH55,28.8998,79.3582
WH56,26.396,81.1396
WH57,19.3355,84.8685
WH58,11.2455,78.679
WH59,17.5198,78.2339
WH60,16.064,74.438
WH61,26.7429,79.7874
WH62,10.9467,79.4503
WH63,24.3952,78.8612
WH64,22.982,82.6729
WH65,25.612,75.2518
WH66,27.4533,76.5983
WH67,26.5339,75.8702
WH68,19.202,72.9725
WH69,24.0766,78.358
WH70,32.3275,77.5839
WH71,11.7,76.1
WH72,27.6897,79.3078
WH73,16.8364,82.0287
WH74,25.419,84.4955
WH75,26.8022,82.0008
WH76,22.773,89.7006
WH77,20.6224,83.7443
WH78,25.7483,72.1784
WH79,20.3477,81.4838
WH80,25.2668,73.9952
WH81,14.3156,79.1105
WH82,26.4598,80.3984
WH83,20.5569,86.1919
WH84,21.8601,77.9529
WH85,28.9828,77.3547
WH86,29.669,76.6297
WH87,21.5926,74.6241
WH88,16.8099,77.5952
WH89,23.4187,86.1458
WH90,16.6,81.3833
WH91,10.196,78.3718
WH92,27.4833,82.7833
WH93,29.9657,76.837
WH94,21.4866,74.1271
WH95,21.7756,87.3349
WH96,27.2952,75.3384
WH97,22.5833,88.35
WH98,29.3823,76.5486
WH99,26.9567,77.8982
WH100,9.4,76.6667
WH101,14.2187,79.7022
WH102,10.6333,76.3167
WH103,13.5582,78.9992
WH104,22.3488,84.0439
WH105,24.3489,76.5557
WH106,26.4454,77.4025
WH107,20.5816,78.2373
WH108,24.6212,78.6363
WH109,15.6978,77.526
WH110,10.9751,76.9155
WH111,23.2037,78.4715
WH112,23.1684,76.0401
WH113,15.7303,77.2371
WH114,12.3714,76.8049
WH115,21.7957,86.7254
WH116,27.4778,79.4746
WH117,13.1531,80.0247
WH118,15.8916,78.6142
WH119,20.4081,75.3017
WH120,23.3566,77.4594
WH121,26.6481,79.6008
WH122,23.5368,91.4915
WH123,15.3171,81.1426
WH124,17.8307,82.8582
WH125,24.7865,78.8337
WH126,20.7499,76.99
WH127,17.7726,78.8373
WH128,17.5645,74.6729
WH129,13.6355,79.4199
WH130,23.1467,88.803
WH131,23.1122,82.2365
WH132,21.7517,77.5071
WH133,23.3102,87.2788
WH134,20.163,75.1372
WH135,24.7621,79.0433
WH136,25.6402,79.7735
WH137,27.7207,77.3692
WH138,26.7675,75.9214
WH139,25.3058,83.6842
WH140,26.7253,77.3155
WH141,11.9024,78.0574
WH142,11.1711,77.654
WH143,17.8823,80.5063
WH144,26.2948,85.2062
WH145,15.95,80.8845
WH146,24.371,87.6227
WH147,27.2889,77.1336
WH148,24.6533,84.7325
WH149,25.2979,80.5624
WH150,25.8386,84.578
WH151,25.1642,79.652
WH152,8.1721,77.5257
WH153,22.8574,75.9475
WH154,26.2781,85.3349
WH155,25.5982,75.6945
WH156,20.4383,74.5571
WH157,24.8875,82.4851
WH158,29.2835,76.0626
WH159,17.9027,74.0813
WH160,25.4437,86.9252
WH161,23.4647,87.7327
WH162,21.7474,82.0621
WH163,25.069,83.4744
WH164,14.8811,76.7816
WH165,27.1435,79.9019
WH166,31.5324,75.908
WH167,18.1517,80.1226
WH168,12.5263,75.502
WH169,25.1806,77.7158
WH170,29.6349,78.9145
WH171,21.3573,74.2198
WH172,20.2881,78.7836
WH173,26.3516,87.0874
WH174,22.3539,88.7833
WH175,24.6893,80.4587
WH176,18.3862,74.8943
WH177,25.1167,88.7
WH178,14.677,76.02
WH179,22.1459,82.1372
WH180,27.1325,81.969
WH181,19.9135,75.3648
WH182,24.5658,76.1962
WH183,17.9257,82.1293
WH184,26.0285,90.4054
WH185,26.653,80.7957
WH186,21.059,86.614
WH187,26.4963,89.2102
WH188,24.9687,92.5691
WH189,19.214,75.5133
WH190,11.1715,75.8061
WH191,29.3514,77.1386
WH192,26.5507,79.9079
WH193,25.1778,85.0068
WH194,25.6308,79.1511
WH195,15.993,79.6704
WH196,25.8602,92.8135
WH197,26.005,73.8407
WH198,17.0479,74.2702
WH199,21.9233,77.5525
WH200,25.689,79.1815
WH201,23.7709,80.2954
WH202,26.7949,89.2298
WH203,15.7314,79.7494
WH204,21.4509,74.6106
WH205,21.7057,81.5032
WH206,26.093,90.6726
WH207,23.8331,80.2304
WH208,25.0658,92.0396
WH209,31.6804,75.6328
WH210,26.791,79.7197
WH211,22.8494,84.7886
WH212,25.921,81.9991
WH213,26.6433,85.5747
WH214,10.2486,78.8097
WH215,23.2212,70.5668
WH216,12.7102,76.9572
WH217,27.3496,75.9238
WH218,26.763,73.074
WH219,10.7954,78.9793
WH220,32.8739,74.695
WH221,20.9576,81.1422
WH222,16.1956,76.6542
WH223,22.8831,79.0362
WH224,15.4069,78.0628
WH225,32.346,75.4344
WH226,30.5336,77.5614
WH227,18.2119,76.7194
WH228,9.6527,76.7531
WH229,10.0469,78.0906
WH230,23.8802,83.1768
WH231,22.6763,85.6291
WH232,13.3333,77.65
WH233,22.3797,75.6258
WH234,33.215,74.4601
WH235,19.0327,73.458
WH236,26.0327,73.3829
WH237,17.547,78.1093
WH238,23.3952,74.5254
WH239,25.3231,74.0657
WH240,26.4983,78.6598
WH241,30.2248,77.9445
WH242,22.5076,86.8145
WH243,23.5044,93.1602
WH244,27.0663,79.3279
WH245,23.408,72.8982
WH246,25.6644,80.5459
WH247,10.5894,77.687
WH248,26.947,73.3062
WH249,10.1296,76.6695
WH250,21.805,86.3039
WH251,28.3721,76.1857
WH252,27.0364,80.5074
WH253,24.864,72.547
WH254,30.5317,76.0088
WH255,27.4934,79.5034
WH256,19.1302,76.3527
WH257,26.2684,79.1558
WH258,23.3754,81.4494
WH259,28.1487,74.6767
WH260,19.418,82.0978
WH261,16.1515,78.8809
WH262,25.8838,75.3958
WH263,17.0347,77.5469
WH264,29.7299,77.345
WH265,21.7722,80.5454
WH266,29.1017,77.2624
WH267,21.5643,71.5244
WH268,27.4352,80.8491
WH269,22.8517,86.0519
WH270,24.1008,78.0906
WH271,22.6616,85.2076
WH272,26.8308,75.1821
WH273,27.041,79.837
WH274,22.1182,69.4883
WH275,16.692,74.722
WH276,26.8152,80.6582
WH277,13.0269,80.2406
WH278,11.9,75.3667
WH279,24.6836,72.2795
WH280,18.5487,76.7532
WH281,26.0746,79.886
WH282,21.216,75.6572
WH283,27.0377,79.8566
WH284,26.0113,92.562
WH285,25.9121,79.5999
WH286,20.1981,83.5205
WH287,25.2421,93.0147
WH288,25.449,88.8037
WH289,23.8206,73.9864
WH290,13.5582,78.9992
WH291,13.3387,80.1949
WH292,26.6987,80.9822
WH293,24.3992,75.3412
WH294,20.1781,85.1123
WH295,19.1832,76.3539
WH296,27.0773,79.4083
WH297,32.6041,74.7797
WH298,8.1773,77.4344
WH299,21.8874,78.6462
WH300,25.5161,80.4569
WH301,14.5342,76.664
WH302,25.4315,76.2392
WH303,21.6084,69.7871
WH304,21.0842,73.1495
WH305,15.0847,78.1446
WH306,20.9667,83.5333
WH307,22.2634,80.2449
WH308,18.0027,77.4785
WH309,20.1716,74.6261
WH310,17.0521,76.9902
WH311,28.58,77.33
WH312,31.1022,77.2637
WH313,21.3403,86.7448
WH314,21.6799,71.2586
WH315,31.5803,78.3962
WH316,21.8313,74.8753
WH317,19.5507,84.802
WH318,10.0789,77.2627
WH319,26.8087,74.5923
WH320,9.9671,76.3031
WH321,14.7929,75.0468
WH322,19.0797,74.7874
WH323,24.6334,79.6867
WH324,24.0272,87.552
WH325,27.5834,77.4833
WH326,22.2272,86.5818
WH327,28.6371,77.2162
WH328,25.2658,77.3315
WH329,21.0424,80.7374
WH330,28.6105,77.2329
WH331,29.7645,74.3461
WH332,22.8664,88.4011
WH333,24.803,87.8882
WH334,30.6342,77.2702
WH335,26.9598,76.2414
WH336,23.702,81.3522
WH337,26.7265,80.1612
WH338,22.1198,81.2614
WH339,17.8201,78.0276
WH340,25.5178,83.4805
WH341,17.3068,78.1372
WH342,10.9167,79.8167
WH343,22.5482,85.8046
WH344,14.2187,79.7022
WH345,26.6913,72.0047
WH346,25.617,79.0223
WH347,28.1792,77.7037
WH348,17.8582,82.83
WH349,26.5112,79.6858
WH350,17.6182,80.6283
WH351,27.0593,79.8015
WH352,22.1061,72.8802
WH353,23.503,77.4767
WH354,23.2192,68.7149
WH355,26.5233,83.8497
WH356,20.1676,78.0585
WH357,27.7806,78.9896
WH358,12.3053,78.1115
WH359,19.5795,74.0529
WH360,19.0333,72.85
WH361,21.172,73.1872
WH362,17.6556,73.2927
WH363,21.6428,74.543
WH364,26.1539,83.3351
WH365,30.0582,75.3617
WH366,22.2951,70.5137
WH367,26.111,85.6575
WH368,16.1956,76.6542
WH369,30.4089,78.0473
WH370,23.3317,87.3737
WH371,21.4279,69.9417
WH372,21.052,80.1551
WH373,25.2035,79.6455
WH374,29.8173,77.4148
WH375,19.4656,76.3066
WH376,25.4033,75.5908
WH377,16.406,76.8664
WH378,28.7752,80.7224
WH379,28.3499,75.715
WH380,17.5183,78.4313
WH381,21.435,73.3622
WH382,26.1398,74.8189
WH383,20.3149,73.8822
WH384,17.7246,76.9246
WH385,26.9667,79.2222
WH386,26.368,79.2992
WH387,27.2387,88.5897
WH388,25.6921,74.5381
WH389,20.8139,77.98
WH390,13.9694,76.6201
WH391,28.8672,77.1103
WH392,18.0805,82.6615
WH393,24.76,78.4196
WH394,25.5892,77.8776
WH395,15.8704,80.3253
WH396,25.8964,81.9404
WH397,25.6681,75.509
WH398,30.4285,77.9698
WH399,24.229,80.9967
WH400,22.6932,88.2579
WH401,11.1991,78.1671
WH402,22.0359,73.253
WH403,29.9894,75.232
WH404,26.783,82.1599
WH405,24.61,93.8887
WH406,16.7194,80.1671
WH407,26.7236,78.1379
WH408,19.0832,76.9541
WH409,26.26,81.5786
WH410,23.6192,92.8388
WH411,28.1928,79.2463
WH412,28.4867,76.0767
WH413,13.1082,77.1367
WH414,12.5263,75.502
WH415,20.7247,85.3036
WH416,22.0053,78.3525
WH417,8.9452,76.9897
WH418,11.5053,77.2383
WH419,26.987,79.1846
WH420,17.8053,78.4089
WH421,29.9697,76.8713
WH422,21.4512,83.7903
WH423,22.98,70.7
WH424,16.0268,74.6943
WH425,25.9391,80.5052
WH426,16.4035,80.5585
WH427,8.367,77.2433
WH428,17.7388,80.8184
WH429,25.1075,74.9427
WH430,25.896,82.927
WH431,29.9309,78.5035
WH432,30.2343,76.6254
WH433,18.9501,81.6895
WH434,20.7742,81.4686
WH435,12.0909,78.6601
WH436,15.6448,77.9717
WH437,25.5594,83.0945
WH438,26.4137,79.7547
WH439,15.8896,76.2985
WH440,11.4812,77.5129
WH441,28.6516,77.1886
WH442,26.6176,79.8203
WH443,25.9134,84.5952
WH444,25.1031,75.7674
WH445,25.2928,75.6092
WH446,21.487,82.2013
WH447,25.3132,83.5149
WH448,24.6847,80.8278
WH449,23.6169,75.4759
WH450,20.4424,75.7078
WH451,20.7672,80.2831
WH452,10.3492,77.9252
WH453,17.2316,79.1281
WH454,14.8644,78.4031
WH455,23.5403,73.4453
WH456,10.2805,77.8718
WH457,27.4501,77.3176
WH458,15.6312,79.5279
WH459,24.4106,84.2615
WH460,27.3192,79.2977
WH461,29.903,78.5492
WH462,14.5378,77.46
WH463,29.1857,77.6436
WH464,13.5166,80.0863
WH465,20.8357,80.975
WH466,13.6976,74.9543
WH467,22.9252,81.1313
WH468,17.8652,76.4795
WH469,14.2845,78.9031
WH470,23.734,77.4548
WH471,24.3347,79.6679
WH472,10.7727,79.6368
WH473,26.9697,76.5707
WH474,18.2835,73.0672
WH475,29.3815,76.5696
WH476,25.1811,80.8714
WH477,28.0252,75.452
WH478,29.6837,75.0863
WH479,9.8532,78.1553
WH480,11.9421,79.7703
WH481,21.215,76.7029
WH482,27.8847,73.9369
WH483,22.7619,87.0212
WH484,14.7054,78.1525
WH485,25.3832,83.856
WH486,10.8841,79.1036
WH487,34.0306,74.2642
WH488,25.8852,83.8984
WH489,11.3245,78.1732
WH490,11.4098,78.9943
WH491,21.4324,85.1226
WH492,27.8833,94.1167
WH493,21.3554,73.0065
WH494,22.6504,83.8179
WH495,20.4662,75.1686
WH496,28.9625,75.9572
WH497,27.2645,78.562
WH498,24.6168,78.3188
WH499,18.5172,80.2631
WH500,21.1466,79.3995
WH501,19.027,79.4381
WH502,27.6617,78.701
WH503,26.8431,78.4258
WH504,18.3399,76.4844
WH505,19.307,75.4439
WH506,26.805,79.0482
WH507,11.6465,75.7722
WH508,22.3578,88.1922
WH509,21.3202,75.9265
WH510,29.213,78.2834
WH511,13.5582,78.9992
WH512,12.5958,78.5153
WH513,23.9304,85.1821
WH514,27.7982,79.2368
WH515,16.5031,81.325
WH516,22.8854,88.6176
WH517,14.761,75.7794
WH518,11.3495,78.0639
WH519,18.3972,76.5678
WH520,25.8336,75.5996
WH521,24.1158,83.2948
WH522,25.4958,81.8704
WH523,27.7265,79.0285
WH524,24.0048,93.1291
WH525,22.6305,84.9933
WH526,24.5502,82.0956
WH527,18.9492,84.2801
WH528,23.5986,72.3847
WH529,21.8245,76.352
WH530,25.8222,83.9444
WH531,22.6809,88.9039
WH532,23.4192,75.3013
WH533,10.8971,76.0221
WH534,22.6909,88.4077
WH535,23.5801,77.8611
WH536,12.4517,78.3513
WH537,17.8826,78.1518
WH538,17.15,73.5
WH539,12.4924,78.568
WH540,27.1449,79.4136
WH541,27.4352,80.8491
WH542,16.3674,78.0689
WH543,25.2037,76.9244
WH544,26.71,88.4285
WH545,23.3763,77.1124
WH546,29.5168,77.4374
WH547,23.2139,86.7683
WH548,21.696,70.688
WH549,12.6014,78.3045
WH550,27.2645,78.562
WH551,19.6121,78.4598
WH552,24.5059,75.1496
WH553,13.3222,76.8615
WH554,23.3037,80.1581
WH555,28.7312,78.4442
WH556,16.6926,77.3841
WH557,13.221,76.9017
WH558,15.2637,77.8143
WH559,20.5502,76.944
WH560,11.9844,79.2723
WH561,27.0199,79.9267
WH562,25.7764,73.5296
WH563,30.9678,77.106
WH564,16.6374,77.6557
WH565,25.863,87.7449
WH566,25.5617,78.7467
WH567,22.2641,75.065
WH568,20.5044,75.3451
WH569,24.5502,82.0956
WH570,12.7941,79.8214
WH571,23.7448,81.4854
WH572,27.1427,79.8612
WH573,22.9398,71.6462
WH574,29.3095,78.1014
WH575,12.9575,78.1248
WH576,22.0873,70.6799
WH577,27.4751,82.0504
WH578,18.5433,78.4509
WH579,15.445,80.1187
WH580,11.8773,75.3712
WH581,12.7102,76.9572
WH582,17.8305,78.992
WH583,23.0704,72.657
WH584,26.6403,79.8851
WH585,17.9946,77.6246
WH586,20.4712,78.6152
WH587,22.0355,73.1714
WH588,25.0285,78.2634
WH589,26.6407,79.1175
WH590,12.0082,79.0915
WH591,21.7313,74.7837
WH592,18.3072,79.6595
WH593,26.5233,83.8497
WH594,19.7531,77.841
WH595,15.2766,79.72
WH596,13.5903,79.1274
WH597,23.3915,73.5082
WH598,20.549,86.654
WH599,13.7573,74.66
WH600,19.3115,84.7929
WH601,26.8656,79.1477
WH602,27.745,78.9985
WH603,22.5204,88.2697
WH604,15.541,74.607
WH605,21.387,71.7513
WH606,26.5156,79.7945
WH607,10.6812,76.7052
WH608,20.2432,75.8058
WH609,22.4225,74.33
WH610,20.6265,83.214
WH611,22.9619,74.1001
WH612,22.164,87.0901
WH613,31.1457,76.354
WH614,25.0742,73.3914
WH615,26.5508,81.674
WH616,22.6279,80.7789
WH617,29.7837,77.7414
WH618,26.0841,80.7499
WH619,25.4553,79.883
WH620,23.6978,84.7213
WH621,22.3619,88.8058
WH622,26.9085,77.4367
WH623,9.858,78.537
WH624,23.7026,77.6846
WH625,13.4748,78.8101
WH626,23.7095,73.5048
WH627,20.6265,83.214
WH628,17.3918,73.6248
WH629,23.5042,86.3544
WH630,25.3256,89.0804
WH631,18.1503,75.692
WH632,26.2446,79.2881
WH633,24.4779,93.9396
WH634,21.0563,85.5816
WH635,26.6184,79.2203
WH636,23.3012,82.6725
WH637,26.9358,75.7174
WH638,26.7877,84.1596
WH639,23.4187,86.1458
WH640,30.5538,76.7187
WH641,17.9441,82.6789
WH642,21.7735,72.1126
WH643,34.1464,74.6565
WH644,21.0671,82.2376
WH645,9.9694,77.7862
WH646,24.8847,76.5447
WH647,27.9145,80.6009
WH648,33.2061,74.1045
WH649,19.5165,74.3119
WH650,21.3,81.1
WH651,28.9828,77.3547
WH652,22.3324,88.2033
WH653,26.9051,88.3002
WH654,25.0062,80.8125
WH655,30.0809,76.1694
WH656,25.0359,87.5897
WH657,11.8675,75.3576
WH658,10.7831,76.5032
WH659,26.7063,94.3952
WH660,27.8679,75.6173
WH661,20.5704,76.8794
WH662,23.1476,78.0307
WH663,23.2777,80.8975
WH664,13.0225,79.9563
WH665,26.6767,72.9892
WH666,24.4205,77.1966
WH667,19.7438,77.7781
WH668,23.2941,86.4095
WH669,32.9898,74.4971
WH670,26.9374,79.6599
WH671,18.9346,76.9046
WH672,25.0582,78.7253
WH673,22.528,77.0103
WH674,18.7444,84.0848
WH675,24.5869,78.7588
WH676,24.1311,76.4367
WH677,24.6084,85.4056
WH678,27.1942,79.619
WH679,27.0153,78.9253
WH680,17.521,76.9151
WH681,19.3038,75.9825
WH682,27.1276,78.1431
WH683,25.0026,80.3064
WH684,17.0439,77.5734
WH685,20.1452,75.9235
WH686,24.9335,93.9337
WH687,24.6713,76.7057
WH688,16.6865,75.394
WH689,11.3444,78.4709
WH690,22.7522,72.6853
WH691,21.4324,85.1226
WH692,29.7193,77.8158
WH693,27.5793,76.7331
WH694,24.9931,78.073
WH695,26.5112,79.6858
WH696,22.5432,73.3026
WH697,20.674,76.0339
WH698,27.9882,73.5014
WH699,11.9397,79.4924
WH700,8.6231,76.853
WH701,19.2325,79.008
WH702,15.4765,77.3876
WH703,24.0598,75.0755
WH704,21.7763,82.747
WH705,21.7113,71.9618
WH706,13.041,79.6251
WH707,26.9753,79.368
WH708,26.2948,85.2062
WH709,17.9226,83.0339
WH710,30.0326,77.8616
WH711,28.5345,77.2779
WH712,15.8266,76.2752
WH713,17.5019,80.4059
WH714,34.2313,76.6037
WH715,28.1578,77.0363
WH716,27.0535,93.1933
WH717,16.6324,75.8355
WH718,28.7184,77.0008
WH719,28.0719,76.1144
WH720,30.3734,76.5612
WH721,21.3202,75.9265
WH722,27.4111,78.0016
WH723,13.0057,75.5974
WH724,19.9228,73.6486
WH725,24.3347,79.6679
WH726,22.4864,79.9893
WH727,16.8081,78.8905
WH728,23.3421,83.9937
WH729,12.5674,79.2753
WH730,18.6776,73.8987
WH731,24.3465,81.397
WH732,17.2896,78.6142
WH733,24.1946,75.5517
WH734,26.0674,82.3094
WH735,24.935,90.9084
WH736,27.2658,80.8124
WH737,15.9713,78.436
WH738,16.1231,76.6982
WH739,16.0095,76.9327
WH740,26.111,85.6575
WH741,31.4182,75.1698
WH742,23.6737,77.7744
WH743,24.6978,80.9812
WH744,23.2098,75.0202
WH745,17.0078,74.2623
WH746,26.6827,88.22
WH747,26.7506,78.8793
WH748,24.1654,78.9082
WH749,24.288,84.0321
WH750,32.0202,75.6095
WH751,28.1265,74.5851
WH752,24.9979,93.8957
WH753,23.7401,73.159
WH754,19.3355,84.8685
WH755,16.3526,76.4024
WH756,12.1082,78.8342
WH757,15.2637,77.8143
WH758,26.4439,91.9955
WH759,25.5933,84.023
WH760,19.3751,80.5269
WH761,27.2215,79.9599
WH762,21.8607,72.5342
WH763,26.1441,82.4992
WH764,15.0279,74.0209
WH765,26.2944,75.4337
WH766,23.8679,86.8472
WH767,23.2212,70.5668
WH768,14.4194,77.1954
WH769,27.8129,78.3353
WH770,22.5054,72.0312
WH771,22.3955,83.6291
WH772,28.2474,77.0654
WH773,10.5305,77.9497
WH774,29.7011,75.095
WH775,29.1765,77.7988
WH776,15.5042,80.1285
WH777,28.6514,78.5132
WH778,20.8167,82.5333
WH779,23.0827,85.6659
WH780,12.3743,79.7276
WH781,26.1643,82.8205
WH782,11.5751,77.5904
WH783,14.3069,77.6576
WH784,27.1348,77.8041
WH785,17.6133,78.7124
WH786,25.3502,79.5601
WH787,14.6683,76.9211
WH788,26.7675,75.9214
WH789,14.0307,78.9994
WH790,22.1951,77.9078
WH791,26.9463,79.7803
WH792,11.1302,78.6655
WH793,10.9577,78.0809
WH794,14.7646,75.1246
WH795,24.6237,77.9709
WH796,12.6318,79.2165
WH797,17.0647,78.2128
WH798,22.718,73.037
WH799,27.1514,79.4285
WH800,26.3565,72.1425
WH801,27.5523,78.1125
WH802,25.2543,86.403
WH803,26.2908,79.9115
WH804,24.4627,79.7906
WH805,25.8608,85.7897
WH806,20.7017,84.5776
WH807,25.8881,75.6497
WH808,22.421,85.5876
WH809,18.1314,83.7269
WH810,11.3495,78.0639
WH811,21.2171,79.1945
WH812,23.1189,86.9639
WH813,27.0074,76.6076
WH814,24.5056,78.0941
WH815,18.577,80.9077
WH816,23.2098,75.0202
WH817,29.4774,78.7851
WH818,10.9407,77.9831
WH819,10.4697,78.1284
WH820,13.4379,79.9543
WH821,23.1041,71.5655
WH822,19.9333,85.7167
WH823,16.3796,73.9004
WH824,25.8604,79.8054
WH825,26.2834,81.7429
WH826,19.3002,73.0588
WH827,26.0583,81.2566
WH828,22.5579,82.5382
WH829,26.2081,79.3767
WH830,15.1706,78.0433
WH831,30.123,77.9098
WH832,24.6077,74.1487
WH833,12.6702,79.1844
WH834,27.1318,73.0585
WH835,34.2455,74.5666
WH836,13.7398,79.5037
WH837,27.8112,79.4908
WH838,28.6686,75.0321
WH839,26.2105,85.9708
WH840,17.3833,82.0333
WH841,28.3799,75.4891
WH842,27.0087,77.6629
WH843,31.1022,77.2637
WH844,12.0909,78.6601
WH845,20.9499,73.28
WH846,30.685,74.6112
WH847,24.8172,74.1658
WH848,17.9153,74.4532
WH849,23.3217,72.7807
WH850,17.6314,78.9108
WH851,11.5055,77.8247
WH852,21.4194,71.6947
WH853,22.2634,80.2449
WH854,17.3597,82.5462
WH855,15.9748,80.5084
WH856,13.203,76.4748
WH857,25.7783,78.8225
WH858,22.1687,79.9762
WH859,22.4864,87.7655
WH860,10.9111,75.948
WH861,26.6002,80.721
WH862,12.6382,78.5871
WH863,15.2154,75.2289
WH864,24.5119,80.2246
WH865,24.9074,79.3598
WH866,13.0165,79.7326
WH867,27.1119,75.7188
WH868,20.2464,83.8504
WH869,24.2385,73.6908
WH870,17.8641,74.91
WH871,28.4972,76.5487
WH872,26.71,88.4285
WH873,21.3253,87.3804
WH874,19.8396,79.8519
WH875,22.972,76.0298
WH876,26.7484,76.2241
WH877,26.232,86.3502
WH878,33.3788,74.4219
WH879,13.4727,75.8631
WH880,26.2844,91.0994
WH881,26.5435,79.8931
WH882,11.9898,77.2527
WH883,12.0112,79.6516
WH884,14.7884,76.9317
WH885,16.0417,79.2583
WH886,25.6349,92.3254
WH887,10.3269,76.9512
WH888,23.9068,80.2516
WH889,26.5903,85.2316
WH890,20.3305,74.2444
WH891,24.8333,87.8
WH892,18.3783,75.5532
WH893,23.7089,84.5866
WH894,28.2692,77.6629
WH895,12.961,77.55
WH896,24.0496,78.1318
WH897,13.1637,78.3921
WH898,8.748,77.4712
WH899,29.321,76.2644
WH900,9.5046,76.3477
WH901,32.1297,75.7373
WH902,16.3169,75.7663
WH903,27.0215,80.7359
WH904,26.4907,90.6984
WH905,28.2389,76.4392
WH906,12.6589,79.2717
WH907,13.2848,77.9209
WH908,23.3566,77.4594
WH909,17.582,79.6153
WH910,26.0033,81.2249
WH911,20.8599,86.0724
WH912,18.4727,73.978
WH913,20.1265,75.3078
WH914,23.1321,86.1139
WH915,33.127,74.6438
WH916,25.1991,73.3853
WH917,11.619,76.2102
WH918,12.9967,80.2531
WH919,24.9076,79.2453
WH920,13.0068,77.5971
WH921,23.8375,72.7255
WH922,24.833,88.6796
WH923,26.7064,80.6201
WH924,17.9569,78.5752
WH925,26.0246,90.2336
WH926,25.672,79.5244
WH927,25.5445,78.8886
WH928,31.5845,78.3657
WH929,25.2037,76.9244
WH930,23.5664,74.0315
WH931,21.6825,74.9228
WH932,12.3879,75.5295
WH933,12.4373,79.4814
WH934,14.0987,78.3306
WH935,17.3918,73.6248
WH936,29.5128,73.2892
WH937,25.3279,77.92
WH938,20.8612,75.4892
WH939,18.0773,77.4513
WH940,25.0013,84.753
WH941,20.2336,82.0009
WH942,23.4942,76.7056
WH943,26.3722,80.8994
WH944,18.6861,81.4591
WH945,30.212,76.7611
WH946,22.148,76.3434
WH947,14.57,74.671
WH948,24.725,72.689
WH949,18.7564,84.3103
WH950,23.5828,92.7206
WH951,18.6799,80.001
WH952,17.7494,78.3782
WH953,23.5239,87.9503
WH954,25.4145,81.8193
WH955,16.0177,80.1409
WH956,30.1291,77.2805
WH957,24.8225,83.4133
WH958,13.7573,74.66
WH959,18.8804,82.4749
WH960,9.1833,92.7667
WH961,24.8417,75.5679
WH962,21.9381,81.547
WH963,26.3351,80.1733
WH964,22.809,83.8517
WH965,26.1938,80.5384
WH966,18.2783,74.3173
WH967,18.2923,82.4637
WH968,25.9695,80.3383
WH969,15.7333,75.703
WH970,24.5898,75.4133
WH971,23.3742,78.2762
WH972,25.4242,83.187
WH973,10.9547,77.2387
WH974,21.1595,71.0555
WH975,13.0029,75.6972
WH976,20.1292,75.6962
WH977,22.889,88.1349
WH978,11.0322,77.527
WH979,22.2009,86.4895
WH980,33.1073,74.489
WH981,21.1632,76.0437
WH982,23.0091,81.9565
WH983,27.9071,76.437
WH984,22.8962,81.0774
WH985,31.2444,77.0383
WH986,27.8311,77.9826
WH987,24.8789,84.9895
WH988,17.2512,78.6683
WH989,26.6589,92.4784
WH990,21.6829,86.1072
WH991,13.8905,78.7308
WH992,26.3929,93.8817
WH993,14.3156,79.1105
WH994,10.8935,79.4326
WH995,24.5847,75.8829
WH996,11.1022,77.9929
WH997,26.765,94.631
WH998,33.7917,74.4028
WH999,21.9633,76.3178
WH1000,13.0058,76.8518
WH1001,12.7869,76.243
WH1002,19.4615,74.2806
WH1003,15.4234,75.5439
WH1004,12.9191,79.1508
WH1005,24.6907,76.6757
WH1006,26.0553,75.6324
WH1007,11.2479,78.5425
WH1008,27.0312,79.5074
WH1009,22.0252,80.4084
WH1010,25.8565,92.0036
WH1011,20.0048,79.3031
WH1012,21.1372,85.1394
WH1013,24.5333,93.7302
WH1014,28.4665,77.6999
WH1015,22.8333,88.0833
WH1016,15.4228,79.4411
WH1017,21.7273,77.7404
WH1018,12.4924,78.568
WH1019,13.6791,77.4129
WH1020,16.8524,74.5553
WH1021,12.436,77.808
WH1022,19.7199,81.8211
WH1023,29.6701,76.93
WH1024,26.7785,80.3571
WH1025,17.7778,83.0844
WH1026,24.9951,85.6508
WH1027,23.1724,76.1261
WH1028,23.8788,74.3982
WH1029,21.32,86.7538
WH1030,17.5492,82.4461
WH1031,23.9488,75.3177
WH1032,27.8058,79.3685
WH1033,29.8342,78.0225
WH1034,21.7141,75.9955
WH1035,8.1773,77.4344
WH1036,21.1951,75.5495
WH1037,26.6976,79.2356
WH1038,13.1995,78.5157
WH1039,26.6774,73.725
WH1040,24.6907,76.6757
WH1041,28.5531,77.1916
WH1042,26.9871,80.0782
WH1043,24.3303,74.1464
WH1044,24.6838,84.5163
WH1045,13.1995,78.5157
WH1046,24.1586,92.9188
WH1047,16.6419,80.4899
WH1048,26.7757,82.034
WH1049,26.5633,86.7285
WH1050,27.4103,78.894
WH1051,20.415,80.7521
WH1052,24.9159,77.9532
WH1053,22.3619,88.8058
WH1054,17.266,78.9843
WH1055,22.5808,71.0291
WH1056,21.1617,75.7832
WH1057,22.425,78.6165
WH1058,28.2661,76.4843
WH1059,16.474,78.147
WH1060,34.0536,74.3819
WH1061,16.4737,80.5935
WH1062,16.1526,79.4895
WH1063,30.689,77.8724
WH1064,27.9069,79.4133
WH1065,23.7509,79.242
WH1066,25.2918,72.8598
WH1067,9.9932,76.5442
WH1068,12.9329,77.6215
WH1069,29.4036,80.0896
WH1070,21.3858,72.0509
WH1071,22.6413,88.3773
WH1072,18.3519,78.9261
WH1073,26.9196,75.7878
WH1074,11.4902,77.1269
WH1075,25.4901,79.3253
WH1076,22.312,88.2861
WH1077,26.1239,79.4694
WH1078,26.2536,90.3257
WH1079,24.6816,73.8166
WH1080,19.3115,84.7929
WH1081,19.1338,76.741
WH1082,22.0998,81.942
WH1083,26.8152,80.6582
WH1084,22.2971,78.8524
WH1085,25.8632,77.4605
WH1086,24.647,91.3479
WH1087,27.0334,75.6776
WH1088,21.6948,72.9805
WH1089,25.2231,83.6422
WH1090,19.176,72.9522
WH1091,29.0595,78.6287
WH1092,21.1466,79.3995
WH1093,23.3635,82.4584
WH1094,23.7086,75.2082
WH1095,28.3256,76.5918
WH1096,25.7755,91.4789
WH1097,21.9302,70.4775
WH1098,23.0012,85.5591
WH1099,13.0009,77.5785
WH1100,17.5634,78.894
WH1101,15.0847,78.1446
WH1102,14.9047,76.3844
WH1103,23.5339,73.6426
WH1104,23.4017,86.285
WH1105,23.0011,78.2303
WH1106,27.4031,95.2577
WH1107,24.5687,92.4221
WH1108,18.3972,76.5678
WH1109,22.8206,78.326
WH1110,19.471,84.0276
WH1111,26.9009,81.1681
WH1112,23.3804,93.0014
WH1113,22.0355,73.1714
WH1114,22.9806,80.4177
WH1115,28.0986,78.5602
WH1116,13.844,78.2719
WH1117,25.1163,79.3631
WH1118,26.0181,80.631
WH1119,26.3346,79.9622
WH1120,27.7886,79.0612
WH1121,29.6484,77.6199
WH1122,27.2952,75.3384
WH1123,30.6644,76.1504
WH1124,17.1267,76.5751
WH1125,12.4924,78.568
WH1126,16.9853,80.6534
WH1127,25.5689,91.8831
WH1128,24.0607,79.0827
WH1129,27.535,79.6161
WH1130,25.1846,78.1672
WH1131,25.5969,91.9286
WH1132,23.0584,82.3553
WH1133,32.9198,74.5989
WH1134,24.7645,85.041
WH1135,24.3912,84.4363
WH1136,12.2559,79.4172
WH1137,24.3912,84.4363
WH1138,24.6212,78.6363
WH1139,23.0179,76.7202
WH1140,22.1621,83.4364
WH1141,34.1417,74.7972
WH1142,20.2004,85.8301
WH1143,9.7632,77.9057
WH1144,20.3316,73.8943
WH1145,30.0007,76.7568
WH1146,24.5409,75.9715
WH1147,26.595,79.4642
WH1148,22.1459,82.1372
WH1149,23.0261,81.4964
WH1150,25.3619,75.6305
WH1151,26.5314,78.6293
WH1152,11.455,78.269
WH1153,26.3949,79.1425
WH1154,27.1609,80.3438
WH1155,20.7811,77.1914
WH1156,12.9143,77.6374
WH1157,27.2703,78.7611
WH1158,26.0606,78.7972
WH1159,30.4055,77.8845
WH1160,26.9992,80.4945
WH1161,21.9526,78.6188
WH1162,8.1721,77.5257
WH1163,25.1778,88.3616
WH1164,10.8001,76.1841
WH1165,26.7976,80.9034
WH1166,15.7958,78.9853
WH1167,23.7022,76.9055
WH1168,27.2194,78.0283
WH1169,17.591,81.0014
WH1170,23.8447,82.5891
WH1171,29.2052,77.777
WH1172,21.3428,76.4195
WH1173,19.7581,80.6242
WH1174,26.6481,79.6008
WH1175,26.9674,76.6671
WH1176,13.6243,75.4638
WH1177,19.2325,79.008
WH1178,14.8811,76.7816
WH1179,19.202,72.9725
WH1180,30.0562,75.2535
WH1181,24.8215,74.2853
WH1182,18.7291,76.6364
WH1183,25.5232,91.9106
WH1184,34.3512,74.4618
WH1185,17.1236,77.0824
WH1186,20.9927,86.4042
WH1187,27.4552,81.5312
WH1188,30.8242,75.7967
WH1189,25.9234,75.8634
WH1190,27.4934,79.5034
WH1191,17.8485,75.0025
WH1192,20.0192,75.6235
WH1193,14.5377,75.016
WH1194,21.9543,75.7437
WH1195,11.3089,79.6256
WH1196,10.2805,77.8718
WH1197,24.404,76.7099
WH1198,19.1302,76.3527
WH1199,25.1255,78.3795
WH1200,17.5634,78.894
WH1201,25.3743,79.3388
WH1202,24.0535,83.2708
WH1203,26.8076,80.2936
WH1204,28.667,78.1602
WH1205,15.3928,77.2267
WH1206,21.0166,75.5413
WH1207,27.1658,79.4968
WH1208,29.6294,79.0314
WH1209,25.4318,75.7472
WH1210,18.9628,74.7538
WH1211,25.2624,79.2531
WH1212,17.7732,80.1319
WH1213,13.1896,76.67
WH1214,23.6585,76.2235
WH1215,27.0131,76.2355
WH1216,22.9231,85.1315
WH1217,18.5237,83.3036
WH1218,15.7257,78.2322
WH1219,12.7995,75.8994
WH1220,12.7941,79.8214
WH1221,9.9861,78.6616
WH1222,11.3418,78.893
WH1223,33.6383,75.1426
WH1224,17.4238,78.7657
WH1225,26.9348,79.144
WH1226,17.0897,78.7161
WH1227,19.8728,76.9301
WH1228,28.2078,77.9905
WH1229,13.0079,78.3289
WH1230,14.5237,80.1521
WH1231,23.869,75.4755
WH1232,26.3771,79.5466
WH1233,25.7783,78.8225
WH1234,15.9538,77.8964
WH1235,25.6217,75.5986
WH1236,22.3827,81.1823
WH1237,26.0565,77.7807
WH1238,24.7275,77.0121
WH1239,14.255,76.741
WH1240,17.2877,79.0018
WH1241,13.0922,78.6119
WH1242,26.4992,91.3253
WH1243,27.0153,78.9253
WH1244,15.2915,77.4028
WH1245,21.2571,74.9548
WH1246,25.4731,80.8882
WH1247,20.674,76.0339
WH1248,22.4973,81.0895
WH1249,24.8345,87.9044
WH1250,25.4607,86.4823
WH1251,28.1016,75.595
WH1252,21.0353,82.1006
WH1253,26.3577,91.724
WH1254,17.726,79.1524
WH1255,26.9582,74.8897
WH1256,18.1225,81.6439
WH1257,18.5228,73.8535
WH1258,11.3797,78.7885
WH1259,11.9421,79.7703
WH1260,17.1319,82.185
WH1261,25.5369,79.4412
WH1262,23.9002,79.965
WH1263,16.7791,79.519
WH1264,12.3325,76.8618
WH1265,25.9567,80.6035
WH1266,18.9667,72.8167
WH1267,26.2043,79.8127
WH1268,32.2074,75.642
WH1269,30.8537,76.9161
WH1270,11.5429,79.1887
WH1271,17.1813,79.2812
WH1272,18.9877,83.1128
WH1273,28.6602,77.5021
WH1274,17.0566,78.1161
WH1275,30.3081,77.535
WH1276,25.3763,77.4199
WH1277,12.0466,77.0286
WH1278,25.7144,74.8148
WH1279,30.6968,77.0298
WH1280,19.0881,84.6124
WH1281,27.4836,73.9278
WH1282,22.7615,72.8654
WH1283,15.8091,80.2404
WH1284,26.4576,81.626
WH1285,24.819,83.4015
WH1286,15.3933,76.3138
WH1287,8.8444,76.8944
WH1288,17.7632,76.0855
WH1289,22.6625,88.2222
WH1290,24.3992,75.3412
WH1291,22.3185,79.532
WH1292,28.6679,77.2983
WH1293,26.749,79.9107
WH1294,28.8195,77.0196
WH1295,26.0317,81.0782
WH1296,24.5206,85.8267
WH1297,21.4832,70.0045
WH1298,26.4909,80.2194
WH1299,25.4075,79.3516
WH1300,15.027,74.0462
WH1301,21.4832,70.0045
WH1302,25.9924,73.8251
WH1303,20.4071,85.835
WH1304,24.4879,84.9946
WH1305,25.5168,77.7564
WH1306,21.059,77.2641
WH1307,13.1531,80.0247
WH1308,26.7314,79.4842
WH1309,26.7512,76.2875
WH1310,23.9068,80.2516
WH1311,16.897,78.8683
WH1312,13.5345,78.0394
WH1313,24.2552,87.1604
WH1314,14.1995,77.8012
WH1315,15.2263,74.9792
WH1316,11.3292,77.7896
WH1317,15.6177,75.0651
WH1318,23.8348,78.2591
WH1319,24.1435,76.5101
WH1320,10.8256,77.033
WH1321,20.0444,75.3454
WH1322,20.6465,79.5329
WH1323,8.8603,76.8019
WH1324,26.7725,79.7094
WH1325,17.3492,78.8228
WH1326,13.4946,76.034
WH1327,25.2586,84.2238
WH1328,10.252,77.5181
WH1329,24.0219,74.3185
WH1330,31.794,75.731
WH1331,14.0164,80.1281
WH1332,29.4168,75.5581
WH1333,24.5206,85.8267
WH1334,22.1459,82.1372
WH1335,11.7874,75.7795
WH1336,24.9166,80.8064
WH1337,18.9492,84.2801
WH1338,26.5004,91.4784
WH1339,22.361,87.6112
WH1340,9.7471,76.3952
WH1341,18.6812,82.2141
WH1342,27.0596,79.5585
WH1343,13.5645,79.7917
WH1344,19.7636,83.5498
WH1345,11.9333,76.4833
WH1346,11.5,75.9667
WH1347,26.7682,79.1228
WH1348,26.3393,79.438
WH1349,18.1307,76.4556
WH1350,28.1578,77.0363
WH1351,25.9424,79.3046
WH1352,30.6857,76.8245
WH1353,22.4645,80.4828
WH1354,27.494,80.9609
WH1355,29.6814,77.4136
WH1356,28.646,78.078
WH1357,9.3629,77.9384
WH1358,21.8655,80.4419
WH1359,17.0061,81.4687
WH1360,24.3769,72.9238
WH1361,29.7911,78.6349
WH1362,10.3281,77.873
WH1363,24.5497,79.4176
WH1364,17.8924,75.0214
WH1365,12.2266,79.0746
WH1366,11.751,77.9685
WH1367,17.3918,73.6248
WH1368,17.2636,74.9356
WH1369,17.3995,78.0179
WH1370,23.9068,80.2516
WH1371,31.6722,75.2522
WH1372,10.8056,79.4087
WH1373,16.1875,76.0109
WH1374,26.8512,72.2159
WH1375,26.548,79.966
WH1376,17.4886,78.6021
WH1377,24.9805,86.0332
WH1378,26.2777,80.5061
WH1379,26.8656,79.1477
WH1380,17.5694,82.2309
WH1381,24.9817,86.4693
WH1382,24.2798,80.8415
WH1383,14.1995,77.8012
WH1384,12.5304,79.2923
WH1385,21.173,77.2695
WH1386,10.8146,79.8391
WH1387,28.1228,77.5562
WH1388,31.7904,76.1913
WH1389,15.2963,80.1139
WH1390,13.3222,76.8615
WH1391,28.026,79.8002
WH1392,16.3271,80.628
WH1393,31.4194,75.3593
WH1394,26.9965,79.1433
WH1395,34.4832,74.0749
WH1396,25.879,80.1128
WH1397,18.6773,75.3461
WH1398,26.84,83.4317
WH1399,27.0397,80.1453
WH1400,21.9097,87.1133
WH1401,16.9094,76.1459
WH1402,26.8148,94.5261
WH1403,26.9771,75.6285
WH1404,19.8298,77.9754
WH1405,18.8462,84.5039
WH1406,17.6629,77.0598
WH1407,18.1547,78.5474
WH1408,23.2462,84.0679
WH1409,22.8151,86.4424
WH1410,25.2263,85.0651
WH1411,26.2439,87.0277
WH1412,20.3322,84.2939
WH1413,23.2031,75.4495
WH1414,15.891,77.8263
WH1415,26.4057,78.0931
WH1416,19.841,75.8864
WH1417,27.0992,84.09
WH1418,11.2121,79.3647
WH1419,27.4001,80.6886
WH1420,25.2673,90.1245
WH1421,25.3115,77.9751
WH1422,25.4607,86.8252
WH1423,18.2766,74.1601
WH1424,24.9728,76.161
WH1425,31.7205,78.4508
WH1426,26.5492,80.092
WH1427,18.7564,74.4466
WH1428,25.5232,91.9106
WH1429,21.5945,77.1261
WH1430,28.6371,77.2162
WH1431,25.7886,79.4561
WH1432,16.38,77.94
WH1433,33.9277,75.1151
WH1434,28.5635,77.2717
WH1435,25.2999,85.0211
WH1436,18.8627,73.3293
WH1437,26.5176,82.608
WH1438,17.2534,76.0867
WH1439,26.9196,75.7878
WH1440,14.2867,76.661
WH1441,22.312,88.2861
WH1442,8.3677,77.773
WH1443,10.5823,76.9347
WH1444,20.4082,76.4442
WH1445,27.9535,76.8482
WH1446,20.7833,85.3369
WH1447,22.5205,80.0384
WH1448,17.0306,79.9093
WH1449,13.4968,79.209
WH1450,25.3521,75.7539
WH1451,27.1658,79.4968
WH1452,30.689,77.8724
WH1453,22.2014,88.6481
WH1454,15.4992,73.8682
WH1455,14.7196,78.6667
WH1456,21.509,83.0715
WH1457,25.9121,79.4688
WH1458,26.9555,78.3033
WH1459,31.8336,76.5054
WH1460,28.067,74.9579
WH1461,28.7556,75.6373
WH1462,26.2671,94.1368
WH1463,12.6808,77.4741
WH1464,26.0604,76.8123
WH1465,29.6701,76.93
WH1466,27.1054,95.0114
WH1467,27.0773,79.4083
WH1468,26.3393,79.438
WH1469,11.6833,76.9728
WH1470,26.9386,75.7338
WH1471,21.5521,83.4403
WH1472,8.7,76.7333
WH1473,27.0617,79.2303
WH1474,27.2314,79.9588
WH1475,19.3115,84.7929
WH1476,25.4182,77.6188
WH1477,25.9775,78.1408
WH1478,24.081,75.1699
WH1479,25.2668,88.6658
WH1480,22.3885,88.1156
WH1481,27.1174,76.9109
WH1482,25.3113,74.929
WH1483,25.0838,78.9776
WH1484,30.4757,75.0981
WH1485,14.775,76.4347
WH1486,25.9424,79.3046
WH1487,17.2012,78.0076
WH1488,23.6868,72.1409
WH1489,22.8307,83.5684
WH1490,19.4388,84.4701
WH1491,30.1292,75.926
WH1492,27.2703,78.7611
WH1493,23.3952,74.5254
WH1494,11.4507,78.9931
WH1495,11.3849,78.4863
WH1496,16.7532,81.6846
WH1497,19.4589,75.5532
WH1498,23.4955,86.1081
WH1499,27.4836,73.9278
WH1500,21.3465,82.0016
WH1501,17.4655,79.0473
WH1502,24.7993,73.0391
WH1503,21.2715,76.1834
WH1504,12.712,74.8901
WH1505,22.3893,88.4803
WH1506,11.0195,76.0446
WH1507,14.0377,75.6811
WH1508,25.2679,80.4526
WH1509,31.3256,75.5792
WH1510,27.0733,75.9365
WH1511,17.3455,80.1981
WH1512,12.8525,80.0467
WH1513,25.8086,77.5336
WH1514,22.5667,88.3167
WH1515,25.4496,92.2655
WH1516,13.0722,77.2455
WH1517,24.8789,84.9895
WH1518,22.5813,86.9207
WH1519,24.1116,83.4179
WH1520,30.0073,76.5053
WH1521,15.9244,80.7823
WH1522,26.7955,78.6777
WH1523,30.1617,77.1856
WH1524,18.6532,74.2213
WH1525,15.4025,73.9088
WH1526,22.6504,83.8179
WH1527,15.2159,86.8982
WH1528,27.8837,76.2261
WH1529,23.3924,78.091
WH1530,12.5463,78.1243
WH1531,29.8631,77.8913
WH1532,13.5868,77.5852
WH1533,26.4206,78.438
WH1534,28.9162,76.0592
WH1535,20.0397,76.7792
WH1536,23.6978,84.7213
WH1537,26.8116,78.7375
WH1538,25.7168,75.4298
WH1539,26.4983,78.6598
WH1540,29.4649,76.1187
WH1541,26.2302,92.7734
WH1542,23.1865,75.0202
WH1543,27.1788,79.231
WH1544,29.1302,77.0183
WH1545,27.0913,77.086
WH1546,19.8497,83.4912
WH1547,20.5828,86.2071
WH1548,21.5225,80.9975
WH1549,20.3407,80.5827
WH1550,22.1013,87.7655
WH1551,28.162,77.1086
WH1552,26.0152,92.9252
WH1553,21.0519,78.8365
WH1554,16.0078,76.0161
WH1555,26.7936,75.3615
WH1556,25.6816,75.7302
WH1557,20.6261,73.7758
WH1558,21.2358,74.0279
WH1559,23.0802,79.725
WH1560,17.9839,78.6585
WH1561,30.8459,75.331
WH1562,20.7499,76.99
WH1563,11.9781,77.8771
WH1564,18.1664,78.2844
WH1565,25.6709,79.7163
WH1566,26.6767,72.9892
WH1567,21.7957,86.7254
WH1568,25.0344,86.1467
WH1569,16.6135,77.5694
WH1570,26.0112,82.4073
WH1571,24.1507,77.5045
WH1572,27.1882,79.4417
WH1573,34.4786,74.0893
WH1574,24.8859,82.3688
WH1575,27.8451,78.3594
WH1576,14.761,75.7794
WH1577,31.8336,76.5054
WH1578,22.5076,86.8145
WH1579,25.9567,80.6035
WH1580,25.5374,82.8991
WH1581,13.3013,75.2339
WH1582,13.0029,75.6972
WH1583,24.4466,73.0375
WH1584,11.3179,78.9212
WH1585,15.5936,79.2779
WH1586,32.8581,74.7591
WH1587,34.3417,74.375
WH1588,25.2658,77.3315
WH1589,21.1503,75.889
WH1590,23.4967,89.4023
WH1591,25.0447,77.7153
WH1592,26.016,79.2745
WH1593,29.3667,77.7333
WH1594,17.6643,82.1837
WH1595,17.6146,76.8941
WH1596,27.6406,74.507
WH1597,32.7917,74.9722
WH1598,18.5196,73.8554
WH1599,21.9106,72.1972
WH1600,24.0359,88.6303
WH1601,18.9467,74.6574
WH1602,10.653,78.4922
WH1603,26.7579,75.6054
WH1604,21.2359,84.5746
WH1605,16.4697,81.5001
WH1606,25.2813,74.1571
WH1607,22.4524,88.6093
WH1608,20.5816,78.2373
WH1609,10.8971,78.8169
WH1610,26.3221,79.8224
WH1611,26.8617,83.2685
WH1612,15.2348,75.7962
WH1613,15.0355,76.0051
WH1614,27.0672,79.3794
WH1615,24.6084,85.4056
WH1616,17.7705,74.3305
WH1617,31.4769,76.9969
WH1618,29.396,77.0456
WH1619,25.2352,81.4565
WH1620,17.9798,73.0486
WH1621,23.4887,80.5075
WH1622,29.4726,76.1382
WH1623,24.0335,79.7428
WH1624,26.8469,85.58
WH1625,12.7624,75.101
WH1626,20.6369,84.2312
WH1627,25.0832,85.4278
WH1628,25.5047,80.9632
WH1629,26.2878,81.8322
WH1630,25.1844,75.8953
WH1631,9.1968,76.8041
WH1632,28.8481,77.7399
WH1633,22.7129,88.2523
WH1634,18.1307,76.4556
WH1635,14.1818,80.8444
WH1636,21.4,81.9667
WH1637,8.1485,77.5926
WH1638,26.3561,74.3036
WH1639,26.6907,84.1826
WH1640,23.5434,71.9946
WH1641,12.4924,78.568
WH1642,16.7931,79.2151
WH1643,10.653,78.4922
WH1644,25.2521,79.8005
WH1645,9.8821,77.0208
WH1646,27.7806,78.9896
WH1647,27.351,80.4857
WH1648,22.4044,74.9734
WH1649,24.2651,85.611
WH1650,24.935,90.9084
WH1651,25.8975,84.3277
WH1652,25.2035,79.6455
WH1653,15.0372,76.7583
WH1654,24.0616,75.4066
WH1655,22.1594,88.3792
WH1656,28.0493,77.7296
WH1657,18.5494,76.5478
WH1658,24.5722,83.7776
WH1659,26.8601,79.0749
WH1660,31.2612,77.6279
WH1661,25.45,76.5833
WH1662,25.4247,80.7246
WH1663,27.0168,80.6401
WH1664,21.5522,73.6112
WH1665,21.5855,83.0796
WH1666,20.1171,73.2565
WH1667,29.2603,76.0542
WH1668,26.0875,90.0543
WH1669,23.5714,77.8326
WH1670,13.6251,76.2903
WH1671,22.2657,83.1576
WH1672,26.9877,78.9006
WH1673,18.3007,76.3055
WH1674,29.5835,80.2095
WH1675,18.0995,83.0662
WH1676,22.7333,87.0289
WH1677,25.9157,81.5766
WH1678,25.5868,77.2822
WH1679,22.2217,80.5418
WH1680,24.3857,78.0943
WH1681,16.2292,79.7756
WH1682,29.2972,76.4844
WH1683,22.7236,83.3342
WH1684,21.074,81.918
WH1685,19.9967,85.9541
WH1686,18.0311,83.4967
WH1687,28.0403,75.6157
WH1688,26.0536,79.1968
WH1689,14.7997,77.7182
WH1690,17.8307,82.8582
WH1691,30.1631,77.7556
WH1692,13.4301,77.3324
WH1693,25.8351,75.7433
WH1694,23.2752,86.1983
WH1695,11.2811,78.2342
WH1696,24.0347,72.2241
WH1697,26.8116,78.7375
WH1698,22.4298,69.9313
WH1699,26.8063,79.071
WH1700,24.708,77.3095
WH1701,25.1806,77.7158
WH1702,16.0419,75.9404
WH1703,21.6568,85.6435
WH1704,14.2214,78.7891
WH1705,26.6907,84.1826
WH1706,13.8144,80.2791
WH1707,11.0951,76.2242
WH1708,26.5453,72.8763
WH1709,20.9086,82.1296
WH1710,13.0225,79.9563
WH1711,26.2258,76.8477
WH1712,17.8307,82.8582
WH1713,25.7549,78.7021
WH1714,28.2598,74.1634
WH1715,24.8379,84.5252
WH1716,11.9482,77.4888
WH1717,16.9493,79.8734
WH1718,22.1491,81.6994
WH1719,24.9486,74.1342
WH1720,19.5496,85.2542
WH1721,24.6662,74.5275
WH1722,11.3797,78.7885
WH1723,17.4168,75.2904
WH1724,28.2451,75.3184
WH1725,26.0553,75.6324
WH1726,22.4366,79.0521
WH1727,14.2836,75.5772
WH1728,28.6953,77.5329
WH1729,20.9507,77.8081
WH1730,25.7446,93.9696
WH1731,20.9642,75.4927
WH1732,21.7763,82.747
WH1733,20.8127,76.0658
WH1734,25.6557,78.5418
WH1735,26.3302,79.3506
WH1736,27.1129,72.5911
WH1737,28.135,75.5249
WH1738,27.041,79.837
WH1739,19.9095,72.8126
WH1740,26.0693,86.1235
WH1741,21.9932,72.8705
WH1742,10.9989,76.0068
WH1743,10.8833,78.339
WH1744,22.0873,70.6799
WH1745,17.239,78.9273
WH1746,13.5868,77.5852
WH1747,25.4295,82.8166
WH1748,26.3237,80.467
WH1749,25.49,80.4307
WH1750,26.3695,79.5916
WH1751,24.6745,76.0256
WH1752,11.4,79.7333
WH1753,27.2443,79.2668
WH1754,20.0121,74.5732
WH1755,9.7584,78.9427
WH1756,25.2646,75.6593
WH1757,24.1351,79.3729
WH1758,27.253,79.6082
WH1759,34.2042,74.5106
WH1760,28.7789,76.3402
WH1761,10.1739,78.5094
WH1762,19.3167,74.1833
WH1763,22.4342,70.4791
WH1764,22.9135,81.0349
WH1765,26.3528,77.9491
WH1766,21.2333,81.6333
WH1767,19.5496,85.2542
WH1768,24.0147,75.3532
WH1769,26.407,77.1329
WH1770,25.3346,75.7441
WH1771,17.6182,78.1875
WH1772,24.8614,78.3823
WH1773,10.6329,78.841
WH1774,31.1091,74.8937
WH1775,13.1384,78.0047
WH1776,23.1333,88.8193
WH1777,17.0753,78.0839
WH1778,18.2833,75.2799
WH1779,19.009,82.3591
WH1780,29.7444,76.5243
WH1781,26.4348,80.4559
WH1782,32.518,74.9636
WH1783,22.129,78.9353
WH1784,26.2758,88.3964
WH1785,9.847,78.4836
WH1786,15.9569,75.769
WH1787,10.9111,75.948
WH1788,26.5385,79.8413
WH1789,27.4499,80.0441
WH1790,14.6213,76.3332
WH1791,26.26,82.0731
WH1792,27.8982,79.0975
WH1793,29.0621,79.8984
WH1794,31.7904,76.1913
WH1795,12.9923,77.6869
WH1796,30.9714,74.8233
WH1797,15.2291,76.1111
WH1798,26.7675,75.6898
WH1799,17.1836,78.3915
WH1800,25.5521,84.1506
WH1801,23.4997,77.5022
WH1802,26.0413,80.5405
WH1803,22.0916,87.5531
WH1804,22.4912,92.7373
WH1805,22.9111,87.5788
WH1806,25.4757,78.7124
WH1807,23.1366,77.9348
WH1808,30.6864,79.8853
WH1809,22.348,82.7004
WH1810,25.3314,75.5795
WH1811,16.8938,80.0981
WH1812,23.3057,86.9717
WH1813,23.9269,75.3196
WH1814,20.3908,78.092
WH1815,22.5667,88.3167
WH1816,28.2138,78.8822
WH1817,15.2427,78.6045
WH1818,22.8552,73.469
WH1819,15.2637,77.8143
WH1820,24.178,83.1419
WH1821,10.9643,77.595
WH1822,26.0105,84.3012
WH1823,26.8286,76.8382
WH1824,20.0296,73.7156
WH1825,25.5389,74.4412
WH1826,22.8817,74.0052
WH1827,22.6912,71.6025
WH1828,24.696,75.5475
WH1829,26.356,81.2554
WH1830,27.1729,88.4948
WH1831,25.5161,80.4569
WH1832,28.1324,74.1972
WH1833,27.2134,79.9457
WH1834,12.5159,80.061
WH1835,10.0469,78.0906
WH1836,22.8016,83.388
WH1837,26.3038,79.6028
WH1838,15.1208,75.2384
WH1839,28.2362,79.0721
WH1840,15.0128,75.3732
WH1841,27.2676,95.392
WH1842,22.1731,77.0186
WH1843,13.9712,77.1263
WH1844,29.2096,77.2568
WH1845,9.3816,76.5749
WH1846,25.2568,87.0684
WH1847,19,72.8333
WH1848,26.3637,91.3439
WH1849,15.3171,81.1426
WH1850,28.6686,75.0321
WH1851,20.7811,77.1914
WH1852,29.3966,77.6569
WH1853,28.9869,77.3134
WH1854,16.8435,78.039
WH1855,26.6008,93.0331
WH1856,20.3465,84.1069
WH1857,12.9291,79.3322
WH1858,26.9897,78.5524
WH1859,24.8444,78.6855
WH1860,26.5685,74.9425
WH1861,26.907,87.211
WH1862,26.1205,89.9511
WH1863,34.2392,74.618
WH1864,23.9023,83.2111
WH1865,11.2997,76.9349
WH1866,34.0589,74.4228
WH1867,9.7632,77.9057
WH1868,22.5449,73.0694
WH1869,33.9275,74.689
WH1870,9.8231,77.9838
WH1871,20.9254,85.592
WH1872,14.0229,78.2768
WH1873,12.3074,79.3761
WH1874,11.7926,75.9563
WH1875,24.9394,86.8188
WH1876,24.7206,79.3272
WH1877,27.9204,78.1458
WH1878,24.3058,79.7708
WH1879,30.1631,77.7556
WH1880,26.7265,80.1612
WH1881,12.7631,76.1452
WH1882,16.7,81.4667
WH1883,26.6692,94.6719
WH1884,26.8269,79.9033
WH1885,22.0856,83.0505
WH1886,30.4089,78.0473
WH1887,9.9436,77.9614
WH1888,17.1922,82.7524
WH1889,33.9275,74.689
WH1890,18.2069,76.9446
WH1891,26.4983,78.6598
WH1892,26.2571,77.6149
WH1893,16.8514,74.8703
WH1894,12.6589,79.2717
WH1895,11.8747,76.9516
WH1896,23.1105,87.6113
WH1897,17.1836,78.3915
WH1898,23.3833,79.2414
WH1899,14.9764,78.28
WH1900,16.374,80.3585
WH1901,23.7094,78.6519
WH1902,14.5923,75.1157
WH1903,10.8616,79.4796
WH1904,26.5458,73.8986
WH1905,25.8548,73.459
WH1906,30.8491,76.1119
WH1907,23.9767,83.915
WH1908,22.6279,80.7789
WH1909,8.3487,77.0287
WH1910,15.1706,78.0433
WH1911,20.7978,73.5855
WH1912,25.2293,75.5173
WH1913,20.9228,70.9186
WH1914,17.3227,75.8601
WH1915,19.9459,79.1085
WH1916,11.0179,76.3839
WH1917,17.8107,78.0749
WH1918,26.7769,82.1329
WH1919,18.8256,74.5988
WH1920,21.4763,73.3444
WH1921,25.8324,77.5866
WH1922,14.4194,77.1954
WH1923,22.7038,82.7407
WH1924,23.9506,74.4969
WH1925,24.1946,75.5517
WH1926,32.6041,74.7797
WH1927,18.1225,81.6439
WH1928,28.0706,76.0067
WH1929,30.4687,75.9508
WH1930,23.8196,74.7588
WH1931,23.7714,84.9386
WH1932,26.1177,91.9722
WH1933,27.0327,71.5658
WH1934,20.7811,77.1914
WH1935,9.3716,78.8308
WH1936,18.3014,79.4436
WH1937,17.5019,80.4059
WH1938,23.9808,88.7197
WH1939,22.8303,88.2569
WH1940,22.5554,77.2782
WH1941,25.7414,74.6111
WH1942,26.2987,75.9779
WH1943,34.4832,74.0749
WH1944,25.6728,76.0526
WH1945,29.4205,76.3718
WH1946,23.1161,76.5615
WH1947,28.2132,78.7604
WH1948,27.0492,79.4804
WH1949,25.0503,75.5237
WH1950,30.8746,78.0773
WH1951,23.5537,92.5754
WH1952,23.6389,74.0482
WH1953,25.552,81.1122
WH1954,22.5167,72.8833
WH1955,23.5272,86.8571
WH1956,16.3991,80.3765
WH1957,34.4608,74.2666
WH1958,24.7023,79.317
WH1959,27.4949,77.6098
WH1960,19.3518,79.4832
WH1961,29.299,81.809
WH1962,28.7224,75.6304
WH1963,26.219,83.103
WH1964,22.2014,88.6481
WH1965,26.0459,78.9841
WH1966,28.0809,74.8682
WH1967,25.2035,79.6455
WH1968,13.037,76.7814
WH1969,13.156,80.0155
WH1970,30.9749,76.9914
WH1971,18.6715,78.0988
WH1972,26.0113,92.562
WH1973,20.5669,81.591
WH1974,23.2184,79.6992
WH1975,24.3857,78.0943
WH1976,28.7143,74.9561
WH1977,28.1491,78.245
WH1978,22.9993,76.2415
WH1979,30.3909,78.4803
WH1980,17.9461,78.2597
WH1981,27.3379,88.6226
WH1982,27.3479,80.4965
WH1983,23.7187,93.0677
WH1984,24.4302,72.621
WH1985,27.2609,77.8734
WH1986,25.5345,73.1321
WH1987,25.1541,76.1854
WH1988,16.4543,75.0847
WH1989,22.2022,88.2581
WH1990,11.9898,77.2527
WH1991,22.4218,85.5144
WH1992,26.1934,77.6788
WH1993,25.5634,91.611
WH1994,24.6278,79.0095
WH1995,17.0153,78.5167
WH1996,27.6193,78.1518
WH1997,12.4924,78.568
WH1998,20.9927,86.4042
WH1999,26.413,88.7056
